id,first_name,last_name,Address,City,State,Zip,SSN,Birthdate
1,Stephani,Boone,79 Montana Plaza,Oklahoma City,OK,73119,142-74-7590,1984-09-01
2,Corette,Brilon,22499 New Castle Junction,Boston,MA,02163,686-92-0365,1986-09-19
3,Peggie,Gittus,8 Drewry Junction,Virginia Beach,VA,23454,125-07-9944,1997-02-15
4,Leroi,Margett,4 Porter Drive,Chicago,IL,60630,712-19-7275,2000-05-22
5,Nelle,Paull,12 Rowland Street,Norcross,GA,30092,275-54-5660,1987-03-03
6,Ari,McHale,28073 Kingsford Parkway,Alhambra,CA,91841,412-92-8045,1991-08-18
7,Barclay,Elston,620 Carioca Road,Mobile,AL,36622,468-91-3932,1997-11-21
8,Riva,Manders,47 Kinsman Park,Omaha,NE,68124,827-28-5764,1991-07-05
9,Breanne,Menier,94 Buhler Alley,Omaha,NE,68134,707-01-5232,1997-04-14
10,Fonsie,Mordue,8631 Thompson Hill,Wilkes Barre,PA,18706,511-37-9932,1986-09-10
11,Lauri,Geist,48116 Huxley Place,Wichita,KS,67236,465-16-2084,2000-05-11
12,Revkah,Coo,256 Kennedy Plaza,Wichita Falls,TX,76305,789-01-9707,1990-12-16
13,Abigael,Celier,19 Hoffman Crossing,Galveston,TX,77554,234-48-3658,1991-09-24
14,Adrien,Kliche,66 Browning Lane,Portland,OR,97229,875-02-8696,1996-09-23
15,Alain,Ronchi,9 Claremont Hill,Lexington,KY,40581,461-26-6775,1993-08-17
16,Lulita,Murty,48 Anniversary Place,Huntington,WV,25716,441-65-6751,1988-03-15
17,Townie,Knibbs,158 Ryan Street,Newport News,VA,23605,669-55-4393,1980-10-15
18,Allegra,Hadlow,18632 Grasskamp Circle,Los Angeles,CA,90005,526-51-2142,1984-01-11
19,Fernando,Filov,03 Maywood Crossing,Washington,DC,20260,716-99-9938,1991-01-27
20,Ashton,Spellicy,9 Union Place,Tampa,FL,33647,432-38-3549,1984-10-22
21,Jodi,Goodreid,98856 Haas Way,Springfield,VA,22156,159-73-3765,1987-04-03
22,Tedda,Tullett,83093 Pine View Hill,Detroit,MI,48224,691-17-6205,1986-08-31
23,Abagail,Muris,2966 Sutteridge Avenue,Salt Lake City,UT,84170,424-96-9894,1986-09-10
24,Kial,Fane,50 Sloan Alley,Brooklyn,NY,11231,134-04-9478,1984-10-10
25,Shepard,Stutte,76284 Talisman Avenue,Lexington,KY,40581,240-01-5518,1991-04-28
26,Opaline,Hornig,96507 Mallard Center,Waterloo,IA,50706,576-91-9862,1987-01-10
27,Casey,Brydone,6 Swallow Junction,Baltimore,MD,21282,463-74-1443,1997-01-01
28,Johnnie,Yarn,5848 Eggendart Pass,Omaha,NE,68110,116-90-8981,1991-03-16
29,Stella,Wight,5 Beilfuss Lane,Pittsburgh,PA,15205,709-81-3653,1986-07-02
30,Tomasine,Sparkes,7 Goodland Hill,Birmingham,AL,35236,372-08-8239,1996-10-16
31,Edward,Halford,5707 Elgar Drive,Cape Coral,FL,33915,787-07-9774,1993-03-20
32,Ulberto,Walkley,21 Eastlawn Center,Washington,DC,20337,536-13-4711,1981-04-26
33,Valene,Allanby,155 Rowland Hill,Lake Charles,LA,70616,784-13-6783,1981-08-03
34,Reginald,Bloy,120 Fallview Circle,Huntington,WV,25709,592-98-0829,1995-09-15
35,Zola,Epinay,46 Schmedeman Hill,Nashville,TN,37205,633-14-1694,1997-04-30
36,Kermit,Shadfourth,3 Autumn Leaf Center,Grand Junction,CO,81505,424-78-0859,2000-05-01
37,Annadiana,Redington,9 American Ash Lane,Birmingham,AL,35295,254-65-5706,1984-07-25
38,Arlie,Deave,0874 Calypso Junction,Dulles,VA,20189,498-76-7341,1980-12-07
39,Clem,McGrane,49988 Johnson Avenue,Indianapolis,IN,46278,215-40-2743,1986-06-18
40,Bat,Toler,4 Paget Street,Boston,MA,02109,661-96-4038,1992-05-19
41,Cosimo,Hember,29 Schurz Alley,Milwaukee,WI,53234,798-01-2722,1999-05-11
42,Leigh,Wibberley,88 Forest Terrace,Tyler,TX,75705,694-87-3903,1995-10-16
43,Amelie,Kilsby,486 Division Drive,Milwaukee,WI,53277,245-79-8408,1983-04-18
44,Dell,Brumble,9 Dahle Park,Houston,TX,77206,370-11-7008,1997-07-03
45,Carlyle,Wagnerin,5 Graceland Hill,Gainesville,FL,32605,417-54-3286,2000-03-22
46,Den,Becks,005 Hanson Junction,Cincinnati,OH,45264,404-37-7480,1982-04-11
47,Rhoda,Wedgbrow,42 Jana Pass,Greensboro,NC,27455,152-80-9148,1986-09-18
48,Gilbert,Dewis,53 Washington Drive,Austin,TX,78749,697-37-6180,1985-06-25
49,Suzette,Pindell,98 7th Point,Columbia,SC,29225,419-92-1941,1999-05-02
50,Siouxie,Gauson,39 Continental Avenue,Tallahassee,FL,32304,749-39-0372,1984-12-13
51,Laetitia,Patek,61 Surrey Pass,Naples,FL,34102,132-53-6208,1998-08-01
52,Brook,Elphey,7020 Rockefeller Trail,New Orleans,LA,70154,457-38-7294,1995-09-16
53,Blondell,Kittley,38009 Arizona Parkway,Tulsa,OK,74116,352-41-7905,1983-07-20
54,Linn,Chavrin,40 Nobel Street,Albuquerque,NM,87121,157-73-8283,1992-08-22
55,Michail,Snowman,01 Morning Road,Midland,TX,79710,547-13-3304,1994-12-08
56,Tomas,MacAndrew,7 Acker Junction,Indianapolis,IN,46254,676-91-6752,1999-05-17
57,Sherwynd,Levene,05 Namekagon Hill,Texarkana,TX,75507,217-92-7825,1983-02-22
58,Galen,Skeat,901 Bellgrove Circle,Irvine,CA,92710,480-32-5532,1996-06-14
59,Roddie,Zupo,95789 Londonderry Road,Sandy,UT,84093,754-54-3463,1991-09-17
60,Rorke,Kasperski,9 Crowley Road,Kansas City,KS,66112,205-33-6213,1987-10-23
61,Klarika,Geard,31159 New Castle Avenue,Albany,NY,12247,680-78-0426,1995-11-09
62,Roselin,Coners,4 Calypso Street,Pittsburgh,PA,15210,217-61-4130,1991-12-21
63,Gwennie,Coultish,94958 Toban Point,Monticello,MN,55585,829-72-0364,1983-09-18
64,Tandy,Canon,41 Transport Park,Madison,WI,53790,823-37-8056,1983-11-08
65,Hansiain,Snazel,9 Valley Edge Trail,Newport News,VA,23612,760-68-2542,1997-02-01
66,Janine,Brian,7 Bashford Circle,Santa Ana,CA,92705,885-84-2340,1999-10-20
67,Tommy,Goldsby,3 Dahle Pass,Austin,TX,78783,306-39-5597,1985-05-16
68,Hailey,Larcher,11 Tennyson Point,Salt Lake City,UT,84189,827-15-7762,1990-01-29
69,Britta,Salman,36 6th Point,Huntsville,AL,35810,224-98-6220,1982-07-30
70,Odey,Jervoise,7055 Becker Crossing,Tacoma,WA,98481,870-94-1201,1981-11-08
71,Hewett,Rojahn,941 Paget Alley,Pompano Beach,FL,33064,270-14-1361,1985-11-24
72,Romonda,Loache,040 Dottie Plaza,Sacramento,CA,94250,546-49-5055,1984-07-09
73,Elayne,Benkhe,3503 Crest Line Center,Tampa,FL,33625,795-69-6846,1983-03-18
74,Camilla,Scadding,65 Sachs Plaza,Milwaukee,WI,53215,595-94-7744,1990-06-10
75,Fidelity,Radbourn,599 Village Green Avenue,Pensacola,FL,32505,109-39-2598,1988-12-12
76,Laney,Riby,453 Bobwhite Hill,Fort Myers,FL,33906,609-90-1682,1993-12-03
77,John,MacAscaidh,59045 Annamark Circle,San Diego,CA,92186,386-94-5313,1996-11-13
78,Rick,Follin,99683 Rigney Pass,Topeka,KS,66622,158-73-0417,1984-07-10
79,Eugenius,Cristoforetti,77 Bobwhite Crossing,Fairfield,CT,06825,226-94-1526,1989-02-04
80,Alisander,Blatherwick,6 Saint Paul Street,Tulsa,OK,74170,273-95-4604,1985-02-25
81,Bing,Bartles,3489 Burning Wood Hill,Fort Worth,TX,76121,760-04-1398,1989-11-04
82,Ruprecht,Dudley,89734 Westerfield Plaza,New York City,NY,10275,391-98-9547,1994-06-19
83,Scarlet,Sharrem,90 Sundown Avenue,Mobile,AL,36670,151-09-6876,1992-04-03
84,Brynne,Ashness,85 Pawling Place,Bakersfield,CA,93399,314-09-4251,1982-05-16
85,Nicolai,Klimschak,63 Stuart Street,Arlington,VA,22244,357-40-6317,1983-10-01
86,Milli,Bicksteth,7491 Dorton Trail,Brooklyn,NY,11236,215-40-9313,1995-05-24
87,Wynny,Blose,9 Florence Place,Honolulu,HI,96835,192-11-1777,1985-05-01
88,Bengt,Benitez,4087 Burning Wood Circle,Tampa,FL,33647,617-69-5713,1994-12-11
89,Truman,Bercher,405 Springs Street,Hayward,CA,94544,277-52-7806,1990-05-27
90,Salmon,Kanzler,72 Corben Terrace,Louisville,KY,40298,689-50-4831,1980-09-28
91,Gibb,Tuxwell,95 Bunting Parkway,Beaverton,OR,97075,581-82-9539,1991-12-03
92,Heywood,O Fallone,2021 Evergreen Park,Phoenix,AZ,85015,740-42-7710,1995-11-13
93,Glynis,Della,64237 Comanche Lane,Paterson,NJ,07505,504-75-5395,1984-11-25
94,Odella,Ughelli,91 Swallow Point,Decatur,GA,30089,838-89-5439,1982-12-22
95,Devinne,Hug,4541 Division Parkway,Los Angeles,CA,90025,221-65-3424,1997-06-06
96,Roth,Letteresse,87 Barnett Drive,Boulder,CO,80305,380-12-6809,1999-07-14
97,Cosetta,Olivazzi,78 Morrow Junction,Fresno,CA,93721,332-91-0250,1996-08-29
98,Nickolaus,Attyeo,7407 Pleasure Way,Reading,PA,19610,436-66-2310,1992-07-15
99,Bertram,Kornilov,63 Debra Avenue,Washington,DC,20057,191-49-1878,1982-02-01
100,Skippy,Piecha,6004 Bunker Hill Crossing,Springfield,IL,62756,708-85-2670,1986-10-16
101,Aigneis,Death,2153 Pierstorff Road,Shreveport,LA,71105,531-56-7651,1990-08-12
102,Cindy,Soppit,817 Oak Hill,Huntington,WV,25721,494-86-7686,1999-05-26
103,Gustavo,Quilleash,836 Granby Crossing,New York City,NY,10203,669-12-5836,1995-12-30
104,Lawry,Hailes,7 International Hill,Augusta,GA,30919,164-30-3431,1990-07-22
105,Jan,Merfin,4671 Summerview Alley,Harrisburg,PA,17140,732-06-5936,1988-09-02