id,first_name,last_name,email,gender
13,Lyell,Schoroder,lschoroderc@buzzfeed.com,M
17,Tania,Rowsel,trowselg@spiegel.de,F
42,Bobbie,Elphinstone,belphinstone15@photobucket.com,F
48,Rad,Egar,regar1b@wunderground.com,M
55,Sidonia,MacIlraith,smacilraith1i@bbb.org,F
63,Ashli,MacBrearty,amacbrearty1q@nymag.com,F
67,Leoline,Pasquale,lpasquale1u@51.la,F
76,Calli,Ramsey,cramsey23@furl.net,F
82,Der,Sturzaker,dsturzaker29@walmart.com,M
91,Kennith,Turville,kturville2i@microsoft.com,M
93,Dorena,Alanbrooke,dalanbrooke2k@spotify.com,F
113,Alberik,Blinckhorne,ablinckhorne34@google.de,M
114,Robenia,Morritt,rmorritt35@prlog.org,F
125,Norman,Parkman,nparkman3g@sphinn.com,M
140,Emma,Fawkes,efawkes3v@youtu.be,F
147,Michelle,Roswarn,mroswarn42@desdev.cn,F
155,Tallia,Bedward,tbedward4a@xrea.com,F
169,Ransell,June,rjune4o@de.vu,M
173,Abbie,Brockie,abrockie4s@dedecms.com,M
176,Serene,Pendle,spendle4v@tiny.cc,F
183,Aileen,Bartel,abartel52@sbwire.com,F
184,Edi,Bergen,ebergen53@plala.or.jp,F
186,Joshua,Cavil,jcavil55@craigslist.org,M
187,Homere,Huguet,hhuguet56@cdc.gov,M
188,Hart,Amies,hamies57@bbc.co.uk,M
192,Roselin,Cobbing,rcobbing5b@guardian.co.uk,F
193,Fanya,Bricket,fbricket5c@aol.com,F
200,Erma,Pere,epere5j@mediafire.com,F
202,Hettie,Scading,hscading5l@google.com.br,F
227,Minnnie,Cardinal,mcardinal6a@ucla.edu,F
234,Chlo,Guiett,cguiett6h@desdev.cn,F
238,Beniamino,Ashelford,bashelford6l@squidoo.com,M
239,Joshia,Larn,jlarn6m@so-net.ne.jp,M
240,Gaile,Wignall,gwignall6n@amazon.co.jp,M
254,Sargent,Friedenbach,sfriedenbach71@microsoft.com,M
262,Guenevere,Quibell,gquibell79@unc.edu,F
266,Natalya,Nelle,nnelle7d@theguardian.com,F
267,Friedrich,Hampe,fhampe7e@thetimes.co.uk,M
268,Rosy,Walewicz,rwalewicz7f@biblegateway.com,F
270,Birgit,Wisbey,bwisbey7h@ed.gov,F
278,Hillie,Gilburt,hgilburt7p@dedecms.com,M
282,Frances,Annakin,fannakin7t@studiopress.com,F
298,Tuckie,Lendrem,tlendrem89@yolasite.com,M
300,Darell,Butterwick,dbutterwick8b@ucla.edu,F
304,Whitby,O'Geaney,wogeaney8f@dedecms.com,M
320,Mart,Railton,mrailton8v@nytimes.com,M
332,Ignaz,O'Crevan,iocrevan97@nih.gov,M
349,Pascal,Dilrew,pdilrew9o@phpbb.com,M
353,Francesca,Bretherton,fbretherton9s@gov.uk,F
359,Fleurette,Bolwell,fbolwell9y@biglobe.ne.jp,F
361,Midge,Stollberg,mstollberga0@statcounter.com,F
362,Cassandre,Dilley,cdilleya1@soup.io,F
364,Georgetta,Spender,gspendera3@prweb.com,F
389,Barbi,Lorimer,blorimeras@bbb.org,F
400,Timi,Huddles,thuddlesb3@jiathis.com,F
402,Aldridge,Covotti,acovottib5@answers.com,M
408,Natty,Iamittii,niamittiibb@admin.ch,F
410,Early,Biglin,ebiglinbd@independent.co.uk,M
414,Yelena,Croux,ycrouxbh@is.gd,F
416,Herculie,Habershaw,hhabershawbj@meetup.com,M
429,Heddie,Rignall,hrignallbw@illinois.edu,F
430,Anastasia,Banford,abanfordbx@mtv.com,F
437,Amby,Fettiplace,afettiplacec4@tamu.edu,M
438,Kitti,Thombleson,kthomblesonc5@bbc.co.uk,F
466,Pierson,Pedreschi,ppedreschicx@naver.com,M
468,Chrissie,Schwerin,cschwerincz@mysql.com,F
484,Chalmers,Kleanthous,ckleanthousdf@economist.com,M
485,Shoshana,Ithell,sithelldg@state.gov,F
486,Alison,Castellone,acastellonedh@goo.gl,F
489,Darn,Farnhill,dfarnhilldk@posterous.com,M
491,Stefa,Hirjak,shirjakdm@themeforest.net,F
494,Artemas,Dorsey,adorseydp@g.co,M
497,Barris,Deinhard,bdeinhardds@gravatar.com,M
499,Sutton,Springer,sspringerdu@blogs.com,M
501,Richart,Glenn,rglenndw@sogou.com,M
506,Nicolea,Gillino,ngillinoe1@pinterest.com,F
508,Star,Wigmore,swigmoree3@vkontakte.ru,F
510,Travus,Ginity,tginitye5@google.nl,M
512,Athena,Pimbley,apimbleye7@multiply.com,F
528,Clemence,Feathers,cfeathersen@about.me,F
534,Kendra,Duckels,kduckelset@shinystat.com,F
547,Cinnamon,Pickerell,cpickerellf6@latimes.com,F
550,Ezekiel,Doust,edoustf9@comcast.net,M
573,Vernor,Monget,vmongetfw@goodreads.com,M
580,Natalee,Potteril,npotterilg3@macromedia.com,F
595,Hestia,Yates,hyatesgi@google.fr,F
597,Indira,Fiennes,ifiennesgk@blinklist.com,F
598,Bev,Tombling,btomblinggl@ehow.com,F
607,Zea,Housegoe,zhousegoegu@deliciousdays.com,F
621,Rodger,O'Bradain,robradainh8@etsy.com,M
625,Gabriellia,Labuschagne,glabuschagnehc@livejournal.com,F
633,Idell,Vidgeon,ividgeonhk@usa.gov,F
638,Jed,Tome,jtomehp@stanford.edu,M
639,Allyn,Gutman,agutmanhq@ucsd.edu,M
640,Chen,Daniely,cdanielyhr@rakuten.co.jp,M
641,Bruce,Maskelyne,bmaskelynehs@bizjournals.com,M
648,Cyrillus,Union,cunionhz@desdev.cn,M
652,Allene,Urien,aurieni3@dion.ne.jp,F
653,Adler,Aguirrezabala,aaguirrezabalai4@ifeng.com,M
656,Thom,Seak,tseaki7@timesonline.co.uk,M
663,Tabatha,Caven,tcavenie@princeton.edu,F
672,Olin,Cregan,ocreganin@furl.net,M
680,Umberto,Bankhurst,ubankhurstiv@prnewswire.com,M
682,Dorisa,Gradly,dgradlyix@furl.net,F
716,Matthias,Haswell,mhaswelljv@ezinearticles.com,M
724,Orran,Nudds,onuddsk3@ucsd.edu,M
725,Allister,Polino,apolinok4@histats.com,M
731,Essa,Heare,eheareka@elpais.com,F
739,Lynsey,McRobert,lmcrobertki@soundcloud.com,F
742,Katherina,Gudahy,kgudahykl@princeton.edu,F
755,Geraldine,Bamsey,gbamseyky@google.pl,F
756,Cazzie,Lowsely,clowselykz@tripod.com,M
771,Welch,Papen,wpapenle@soup.io,M
774,Lester,Pottiphar,lpottipharlh@house.gov,M
775,Estelle,Couche,ecoucheli@wix.com,F
779,Ethelind,Naptine,enaptinelm@bigcartel.com,F
781,Tally,Leveret,tleveretlo@spiegel.de,M
789,Xylia,Muzzini,xmuzzinilw@columbia.edu,F
802,Walker,Klimczak,wklimczakm9@chron.com,M
806,Fredrika,Vaadeland,fvaadelandmd@ovh.net,F
818,Arnold,Gartin,agartinmp@twitter.com,M
826,Bryanty,Grelak,bgrelakmx@de.vu,M
827,Gisele,Smitherman,gsmithermanmy@illinois.edu,F
835,Kori,O' Cloney,kocloneyn6@prnewswire.com,F
851,Eberhard,Vasilechko,evasilechkonm@cnet.com,M
853,Augy,Choupin,achoupinno@dropbox.com,M
865,Meggie,Dibble,mdibbleo0@sitemeter.com,F
870,Lethia,Jonson,ljonsono5@whitehouse.gov,F
872,Meir,Esmonde,mesmondeo7@bloglines.com,M
875,Luciano,Bourdis,lbourdisoa@goo.ne.jp,M
894,Renard,O'Corren,rocorrenot@hibu.com,M
918,Terrell,Gerardot,tgerardotph@chron.com,M
922,Cad,Jollie,cjolliepl@gravatar.com,M
924,Laurence,Pendrey,lpendreypn@wunderground.com,M
925,Elke,Bulbeck,ebulbeckpo@mozilla.org,F
929,Kristina,MacCrachen,kmaccrachenps@flickr.com,F
936,Mattias,Rennles,mrennlespz@github.com,M
937,Kathy,Bercevelo,kberceveloq0@xrea.com,F
945,Cynthea,Timby,ctimbyq8@earthlink.net,F
947,Meara,Baroche,mbarocheqa@howstuffworks.com,F
948,Averil,Ponsford,aponsfordqb@sfgate.com,F
962,Ora,Merwede,omerwedeqp@cmu.edu,F
964,Denny,Slatford,dslatfordqr@elegantthemes.com,F
966,Renado,Merwood,rmerwoodqt@blinklist.com,M
991,Putnam,Elbourn,pelbournri@baidu.com,M
996,Margery,De Coursey,mdecourseyrn@walmart.com,F
998,Howie,Lucas,hlucasrp@dropbox.com,M
999,Orazio,Rosling,oroslingrq@redcross.org,M
1003,Lester,Mynard,lmynard2@soundcloud.com,M
1004,Peyton,Artrick,partrick3@soup.io,M
1006,Merwyn,Wheaton,mwheaton5@nps.gov,M
1027,Ricoriki,Stabbins,rstabbinsq@examiner.com,M
1030,Jorie,Muehler,jmuehlert@buzzfeed.com,F
1045,Brita,Bulger,bbulger18@blogspot.com,F
1047,Bary,McEntagart,bmcentagart1a@telegraph.co.uk,M
1054,Sammy,MacKibbon,smackibbon1h@bigcartel.com,F
1057,Dominick,Pepys,dpepys1k@smugmug.com,M
1058,Lorens,Gibbeson,lgibbeson1l@walmart.com,M
1060,Rip,Tremelling,rtremelling1n@google.com.hk,M
1063,Ashli,MacBrearty,amacbrearty1q@nymag.com,F
1069,Petunia,Ashton,pashton1w@usa.gov,F
1070,Demetrius,Francillo,dfrancillo1x@uiuc.edu,M
1072,Barrett,Carlesso,bcarlesso1z@arstechnica.com,M
1087,Gibb,Rahlof,grahlof2e@qq.com,M
1097,Eldin,Lourens,elourens2o@ifeng.com,M
1107,Jory,Fehners,jfehners2y@theguardian.com,M
1110,Bridgette,Mouth,bmouth31@boston.com,F
1111,Torrin,Wooffitt,twooffitt32@surveymonkey.com,M
1114,Robenia,Morritt,rmorritt35@prlog.org,F
1115,Birch,McElhinney,bmcelhinney36@unblog.fr,M
1122,Ursulina,Pollok,upollok3d@drupal.org,F
1128,Willie,Roly,wroly3j@facebook.com,F
1138,Beaufort,Fowlston,bfowlston3t@apache.org,M
1146,Sayre,Cardall,scardall41@elegantthemes.com,M
1147,Michelle,Roswarn,mroswarn42@desdev.cn,F
1156,Adela,Baitman,abaitman4b@ezinearticles.com,F
1173,Abbie,Brockie,abrockie4s@dedecms.com,M
1176,Serene,Pendle,spendle4v@tiny.cc,F
1185,Bonny,Bertrand,bbertrand54@hibu.com,F
1188,Hart,Amies,hamies57@bbc.co.uk,M
1196,Delmar,Bulward,dbulward5f@canalblog.com,M
1197,Bianka,Kun,bkun5g@latimes.com,F
1201,Terence,Poulgreen,tpoulgreen5k@w3.org,M
1215,Gilberta,Medcraft,gmedcraft5y@taobao.com,F
1228,Zarah,Broke,zbroke6b@dyndns.org,F
1232,Antony,Burkin,aburkin6f@digg.com,M
1233,Amelita,MacGettigen,amacgettigen6g@dyndns.org,F
1236,Annemarie,Collen,acollen6j@unblog.fr,F
1247,Raye,Simper,rsimper6u@ameblo.jp,F
1252,Rock,Sayle,rsayle6z@cloudflare.com,M
1261,Hallsy,Daveridge,hdaveridge78@domainmarket.com,M
1283,Augustina,Greenwood,agreenwood7u@cafepress.com,F
1292,Paolo,MacMillan,pmacmillan83@xrea.com,M
1303,Natalina,Branchett,nbranchett8e@imageshack.us,F
1305,Odell,Simionescu,osimionescu8g@yale.edu,M
1310,Wittie,Colebeck,wcolebeck8l@elegantthemes.com,M
1312,Viki,Puddin,vpuddin8n@plala.or.jp,F
1314,Ebenezer,Antoney,eantoney8p@hibu.com,M
1316,Hanny,Shave,hshave8r@boston.com,F
1317,Sergei,Stripling,sstripling8s@printfriendly.com,M
1318,Anallese,Bollis,abollis8t@oakley.com,F
1323,Nikolaus,Hyslop,nhyslop8y@accuweather.com,M
1334,Issi,Salatino,isalatino99@wsj.com,F
1347,Reginauld,Bletcher,rbletcher9m@google.it,M
1357,Gregoor,Dietmar,gdietmar9w@uol.com.br,M
1359,Fleurette,Bolwell,fbolwell9y@biglobe.ne.jp,F
1366,Bill,Labat,blabata5@friendfeed.com,F
1371,Izak,Greyes,igreyesaa@skype.com,M
1390,Bree,Hercules,bherculesat@instagram.com,F
1393,Hilliard,Adanet,hadanetaw@economist.com,M
1404,Cordelie,Glacken,cglackenb7@hexun.com,F
1431,Kittie,Beebis,kbeebisby@e-recht24.de,F
1436,Corney,Bruhn,cbruhnc3@vimeo.com,M
1448,Holmes,Santi,hsanticf@sogou.com,M
1462,Jerome,Broomfield,jbroomfieldct@newyorker.com,M
1477,Tessi,Allright,tallrightd8@imdb.com,F
1478,Merrile,Helks,mhelksd9@spiegel.de,F
1486,Alison,Castellone,acastellonedh@goo.gl,F
1487,Ezri,Maskew,emaskewdi@shinystat.com,M
1496,Irving,Benazet,ibenazetdr@toplist.cz,M
1508,Star,Wigmore,swigmoree3@vkontakte.ru,F
1523,Ed,Yokel,eyokelei@instagram.com,M
1542,Brigit,Jope,bjopef1@constantcontact.com,F
1543,Editha,Ledley,eledleyf2@mashable.com,F
1562,Katrina,Fontenot,kfontenotfl@icio.us,F
1570,Atalanta,Von Helmholtz,avonhelmholtzft@nytimes.com,F
1572,Abbe,Clarkin,aclarkinfv@apple.com,M
1582,Jasmina,Salvador,jsalvadorg5@chicagotribune.com,F
1584,Fara,Kyston,fkystong7@phoca.cz,F
1614,Aile,Guillford,aguillfordh1@springer.com,F
1615,Cassey,Silburn,csilburnh2@xing.com,F
1616,Bar,Chelnam,bchelnamh3@sphinn.com,M
1617,Reggis,Stolberger,rstolbergerh4@ucoz.ru,M
1621,Rodger,O'Bradain,robradainh8@etsy.com,M
1625,Gabriellia,Labuschagne,glabuschagnehc@livejournal.com,F
1627,Gilbertine,Rachuig,grachuighe@51.la,F
1641,Bruce,Maskelyne,bmaskelynehs@bizjournals.com,M
1656,Thom,Seak,tseaki7@timesonline.co.uk,M
1677,Caldwell,Bagot,cbagotis@google.co.jp,M
1690,Chandler,Burgill,cburgillj5@merriam-webster.com,M
1698,Marti,Bebbington,mbebbingtonjd@chicagotribune.com,F
1700,Tomlin,Aizikov,taizikovjf@theguardian.com,M
1736,Cherey,Sercombe,csercombekf@msn.com,F
1738,Harriot,Vasilov,hvasilovkh@japanpost.jp,F
1741,Fin,McNeice,fmcneicekk@clickbank.net,M
1747,Martyn,Danes,mdaneskq@biblegateway.com,M
1753,Bobinette,Shaddock,bshaddockkw@fema.gov,F
1758,Essa,Hembrow,ehembrowl1@vkontakte.ru,F
1763,Ado,Bradtke,abradtkel6@slashdot.org,M
1784,Meridith,Andreone,mandreonelr@webeden.co.uk,F
1796,Devan,Akroyd,dakroydm3@ucla.edu,F
1805,Romy,Southwick,rsouthwickmc@ifeng.com,F
1807,Guenevere,Copnar,gcopnarme@de.vu,F
1814,Marissa,Schubart,mschubartml@seesaa.net,F
1815,Artemas,Jerrold,ajerroldmm@bravesites.com,M
1819,Wat,Cowlishaw,wcowlishawmq@samsung.com,M
1826,Bryanty,Grelak,bgrelakmx@de.vu,M
1847,Darby,Haily,dhailyni@wikipedia.org,M
1860,Herve,Lowten,hlowtennv@sina.com.cn,M
1862,Anjela,Gundry,agundrynx@people.com.cn,F
1864,Milty,Chipchase,mchipchasenz@delicious.com,M
1865,Meggie,Dibble,mdibbleo0@sitemeter.com,F
1867,Gilly,Montier,gmontiero2@mapy.cz,F
1870,Lethia,Jonson,ljonsono5@whitehouse.gov,F
1880,Etti,Torricina,etorricinaof@fotki.com,F
1886,Cris,Nicholes,cnicholesol@sakura.ne.jp,F
1887,Mar,Ashling,mashlingom@yandex.ru,M
1893,Maegan,Syseland,msyselandos@google.co.uk,F
1907,Dorthea,Jiran,djiranp6@nps.gov,F
1910,Gifford,Lawlie,glawliep9@soundcloud.com,M
1915,Morganica,McMennum,mmcmennumpe@sciencedirect.com,F
1928,Rebekah,Burchett,rburchettpr@ibm.com,F
1933,Camala,Barthropp,cbarthropppw@hugedomains.com,F
1934,Johnathon,Wandrack,jwandrackpx@house.gov,M
1945,Cynthea,Timby,ctimbyq8@earthlink.net,F
1950,Gertruda,Jahnel,gjahnelqd@theguardian.com,F
1953,Garvy,Dwane,gdwaneqg@sbwire.com,M
1958,Buckie,Kabos,bkabosql@latimes.com,M
1959,Harlene,Schooling,hschoolingqm@weibo.com,F
1965,Leigha,Dix,ldixqs@ed.gov,F
1969,Morly,Oldale,moldaleqw@homestead.com,M
1970,Christalle,O'Hoey,cohoeyqx@yandex.ru,F
1973,Kariotta,Langfitt,klangfittr0@uiuc.edu,F
1977,Gracie,Wevell,gwevellr4@jimdo.com,F
1981,Dallas,Callacher,dcallacherr8@hao123.com,M
1985,Trever,Dorie,tdorierc@tripod.com,M
1990,Morey,Jouannin,mjouanninrh@timesonline.co.uk,M
2000,Sherm,MacCallester,smaccallesterrr@hp.com,M
2001,Zacharias,Thunnercliff,zthunnercliff0@w3.org,M
2004,Peyton,Artrick,partrick3@soup.io,M
2024,Daffy,Figgures,dfigguresn@disqus.com,F
2027,Ricoriki,Stabbins,rstabbinsq@examiner.com,M
2028,Clea,Shuxsmith,cshuxsmithr@about.com,F
2032,Gavra,Harrington,gharringtonv@paypal.com,F
2079,Payton,Langford,plangford26@acquirethisname.com,M
2086,Conrad,Burniston,cburniston2d@dyndns.org,M
2087,Gibb,Rahlof,grahlof2e@qq.com,M
2108,Forrester,Goldsbury,fgoldsbury2z@dailymail.co.uk,M
2109,Xerxes,Le Barr,xlebarr30@adobe.com,M
2117,Nedi,Polly,npolly38@dot.gov,F
2118,Angele,Kayser,akayser39@livejournal.com,F
2129,Ethelred,Carville,ecarville3k@sciencedaily.com,M
2130,Roseline,Bercher,rbercher3l@mac.com,F
2135,Mikaela,Drayn,mdrayn3q@nhs.uk,F
2150,Althea,Harker,aharker45@list-manage.com,F
2153,Rois,Goskar,rgoskar48@chicagotribune.com,F
2157,Tarrance,Rubinsohn,trubinsohn4c@washingtonpost.com,M
2159,Adolph,Brookhouse,abrookhouse4e@sakura.ne.jp,M
2163,Lanie,Lampen,llampen4i@bravesites.com,M
2166,Dianna,McLoughlin,dmcloughlin4l@sourceforge.net,F
2171,Emilio,Melbert,emelbert4q@friendfeed.com,M
2175,Darnall,Al Hirsi,dalhirsi4u@cnn.com,M
2188,Hart,Amies,hamies57@bbc.co.uk,M
2197,Bianka,Kun,bkun5g@latimes.com,F
2200,Erma,Pere,epere5j@mediafire.com,F
2202,Hettie,Scading,hscading5l@google.com.br,F
2219,Mauricio,Nancarrow,mnancarrow62@ameblo.jp,M
2220,Alysia,Dyble,adyble63@slate.com,F
2236,Annemarie,Collen,acollen6j@unblog.fr,F
2245,Yolane,Fedynski,yfedynski6s@edublogs.org,F
2256,Mandi,Endean,mendean73@tinyurl.com,F
2257,Tabb,Avrahamoff,tavrahamoff74@ed.gov,M
2259,Smith,Jamary,sjamary76@shareasale.com,M
2263,Christin,Collcott,ccollcott7a@illinois.edu,F
2277,Angelica,Quarles,aquarles7o@1688.com,F
2281,Russ,Meran,rmeran7s@clickbank.net,M
2287,Shelly,Aggett,saggett7y@msn.com,F
2293,Ophelie,Storror,ostorror84@miibeian.gov.cn,F
2299,John,Claussen,jclaussen8a@cloudflare.com,M
2303,Natalina,Branchett,nbranchett8e@imageshack.us,F
2327,Lorne,Work,lwork92@lulu.com,F
2331,Erich,Ungerechts,eungerechts96@wikimedia.org,M
2337,Leila,Gergler,lgergler9c@intel.com,F
2341,Johny,Schechter,jschechter9g@senate.gov,M
2348,Fergus,Bows,fbows9n@ucsd.edu,M
2359,Fleurette,Bolwell,fbolwell9y@biglobe.ne.jp,F
2366,Bill,Labat,blabata5@friendfeed.com,F
2367,Rosmunda,Jerrans,rjerransa6@usa.gov,F
2368,Morgen,Hiskey,mhiskeya7@ucsd.edu,M
2396,Valentia,Curnock,vcurnockaz@usgs.gov,F
2399,Jourdain,McPeeters,jmcpeetersb2@yale.edu,M
2414,Yelena,Croux,ycrouxbh@is.gd,F
2421,Xerxes,Keyworth,xkeyworthbo@ning.com,M
2422,Matelda,Izakson,mizaksonbp@wired.com,F
2424,Guenevere,Mosby,gmosbybr@gov.uk,F
2425,Donica,Glasner,dglasnerbs@hostgator.com,F
2433,Reube,McNalley,rmcnalleyc0@sourceforge.net,M
2438,Kitti,Thombleson,kthomblesonc5@bbc.co.uk,F
2439,Vergil,Vasyatkin,vvasyatkinc6@flavors.me,M
2443,Nikolaos,Farres,nfarresca@creativecommons.org,M
2457,Nessy,Fullstone,nfullstoneco@reverbnation.com,F
2458,Berny,Leaming,bleamingcp@ameblo.jp,F
2459,Trescha,Flode,tflodecq@tiny.cc,F
2462,Jerome,Broomfield,jbroomfieldct@newyorker.com,M
2469,Shay,Sheer,ssheerd0@exblog.jp,M
2473,Esme,Hyslop,ehyslopd4@imageshack.us,F
2480,Babita,Beneteau,bbeneteaudb@omniture.com,F
2482,Eugene,Carsey,ecarseydd@reference.com,M
2483,Mitch,Gwillym,mgwillymde@sun.com,M
2484,Chalmers,Kleanthous,ckleanthousdf@economist.com,M
2497,Barris,Deinhard,bdeinhardds@gravatar.com,M
2501,Richart,Glenn,rglenndw@sogou.com,M
2509,Reinaldos,Gellion,rgellione4@lulu.com,M
2520,Corissa,Wimbush,cwimbushef@technorati.com,F
2530,Nari,Foulgham,nfoulghamep@behance.net,F
2536,Bessie,Stellin,bstellinev@miibeian.gov.cn,F
2542,Brigit,Jope,bjopef1@constantcontact.com,F
2547,Cinnamon,Pickerell,cpickerellf6@latimes.com,F
2550,Ezekiel,Doust,edoustf9@comcast.net,M
2554,Roth,Goodbody,rgoodbodyfd@nasa.gov,M
2555,Kaile,Godding,kgoddingfe@foxnews.com,F
2586,Boothe,Hamshaw,bhamshawg9@scientificamerican.com,M
2593,Sheena,Marty,smartygg@rediff.com,F
2596,Sarge,Olech,solechgj@theatlantic.com,M
2597,Indira,Fiennes,ifiennesgk@blinklist.com,F
2602,Val,Jann,vjanngp@bloomberg.com,M
2606,Lyndsey,Bellow,lbellowgt@blogtalkradio.com,F
2610,Lance,McCombe,lmccombegx@google.com,M
2621,Rodger,O'Bradain,robradainh8@etsy.com,M
2637,Marrilee,Thirst,mthirstho@ustream.tv,F
2642,Frans,Stores,fstoresht@dot.gov,M
2658,Arnaldo,Dace,adacei9@npr.org,M
2661,Ruthanne,Ikin,rikinic@skype.com,F
2664,Darnell,Simes,dsimesif@tinyurl.com,M
2672,Olin,Cregan,ocreganin@furl.net,M
2675,Isaiah,Shimony,ishimonyiq@hhs.gov,M
2676,Rayna,Huby,rhubyir@cnet.com,F
2677,Caldwell,Bagot,cbagotis@google.co.jp,M
2678,Kingsley,Jerrans,kjerransit@simplemachines.org,M
2699,Krystal,Zanni,kzannije@paginegialle.it,F
2715,Earlie,Lockier,elockierju@japanpost.jp,M
2721,Erick,Spirit,espiritk0@1und1.de,M
2729,Hank,Walkowski,hwalkowskik8@accuweather.com,M
2732,Gabbie,Jirus,gjiruskb@princeton.edu,M
2746,Boyce,Younghusband,byounghusbandkp@nytimes.com,M
2751,Olivier,Alentyev,oalentyevku@smh.com.au,M
2753,Bobinette,Shaddock,bshaddockkw@fema.gov,F
2759,Bogey,Hubbuck,bhubbuckl2@fema.gov,M
2762,Dunc,January 1st,djanuarystl5@xing.com,M
2768,Corrine,Chantillon,cchantillonlb@sakura.ne.jp,F
2778,Avictor,Kaplin,akaplinll@yellowbook.com,M
2782,Wandie,Suthworth,wsuthworthlp@thetimes.co.uk,F
2784,Meridith,Andreone,mandreonelr@webeden.co.uk,F
2785,Nickolai,Cromarty,ncromartyls@seattletimes.com,M
2790,Cher,Hulatt,chulattlx@alibaba.com,F
2791,Lisabeth,Mattussevich,lmattussevichly@altervista.org,F
2793,Austen,Wybrow,awybrowm0@hp.com,M
2797,Alberik,Garnsey,agarnseym4@facebook.com,M
2804,Ilsa,Paolino,ipaolinomb@bing.com,F
2806,Fredrika,Vaadeland,fvaadelandmd@ovh.net,F
2813,Kasper,Shone,kshonemk@ucoz.com,M
2814,Marissa,Schubart,mschubartml@seesaa.net,F
2818,Arnold,Gartin,agartinmp@twitter.com,M
2821,Agneta,Duligall,aduligallms@howstuffworks.com,F
2831,Lilli,Meins,lmeinsn2@stumbleupon.com,F
2833,Frederich,Goulborn,fgoulbornn4@japanpost.jp,M
2838,Rance,Borleace,rborleacen9@tmall.com,M
2840,Rosemary,Petriello,rpetriellonb@blog.com,F
2843,Raffaello,Sheed,rsheedne@hibu.com,M
2844,Federico,Budd,fbuddnf@ucsd.edu,M
2849,Zebulen,Quincey,zquinceynk@prweb.com,M
2853,Augy,Choupin,achoupinno@dropbox.com,M
2854,Massimo,Battram,mbattramnp@reverbnation.com,M
2858,Langston,Berndtsson,lberndtssonnt@dmoz.org,M
2859,Onfre,Iacovone,oiacovonenu@last.fm,M
2871,Vinnie,Humberstone,vhumberstoneo6@pagesperso-orange.fr,M
2877,Augie,Bartoszewski,abartoszewskioc@engadget.com,M
2884,Prentice,Gravells,pgravellsoj@paginegialle.it,M
2890,Robinette,Rain,rrainop@prlog.org,F
2891,Reine,Athey,ratheyoq@nps.gov,F
2916,Nolie,Keunemann,nkeunemannpf@netscape.com,F
2920,Dasya,Bunstone,dbunstonepj@google.fr,F
2924,Laurence,Pendrey,lpendreypn@wunderground.com,M
2934,Johnathon,Wandrack,jwandrackpx@house.gov,M
2947,Meara,Baroche,mbarocheqa@howstuffworks.com,F
2950,Gertruda,Jahnel,gjahnelqd@theguardian.com,F
2951,Wendell,Porson,wporsonqe@blogspot.com,M
2960,Trefor,Pashan,tpashanqn@diigo.com,M
2962,Ora,Merwede,omerwedeqp@cmu.edu,F
2963,Arvin,Sambles,asamblesqq@example.com,M
2964,Denny,Slatford,dslatfordqr@elegantthemes.com,F
2973,Kariotta,Langfitt,klangfittr0@uiuc.edu,F
2974,Missie,Wookey,mwookeyr1@home.pl,F
3002,Meredeth,Andrew,mashforth1@virginia.edu,M
3003,Lester,Mynard,lmynard2@soundcloud.com,M
3013,Lyell,Schoroder,lschoroderc@buzzfeed.com,M
3018,Elsa,Renbold,erenboldh@disqus.com,F
3028,Clea,Shuxsmith,cshuxsmithr@about.com,F
3035,Danika,Keysel,dkeysely@google.es,F
3046,Yettie,Guillerman,yguillerman19@uiuc.edu,F
3052,Rafaello,Eilert,reilert1f@wunderground.com,M
3057,Dominick,Pepys,dpepys1k@smugmug.com,M
3060,Rip,Tremelling,rtremelling1n@google.com.hk,M
3070,Demetrius,Francillo,dfrancillo1x@uiuc.edu,M
3071,Chryste,Snasdell,csnasdell1y@360.cn,F
3072,Barrett,Carlesso,bcarlesso1z@arstechnica.com,M
3073,Angelina,Liverseege,aliverseege20@samsung.com,F
3088,Roxine,Dary,rdary2f@github.io,F
3094,Sanson,Lockyear,slockyear2l@oracle.com,M
3101,Morse,Krojn,mkrojn2s@aol.com,M
3102,Tate,Caplan,tcaplan2t@eventbrite.com,M
3119,Talyah,Koomar,tkoomar3a@quantcast.com,F
3124,Chrystel,Beamand,cbeamand3f@bbb.org,F
3125,Norman,Parkman,nparkman3g@sphinn.com,M
3129,Ethelred,Carville,ecarville3k@sciencedaily.com,M
3181,Ddene,Syder,dsyder50@yandex.ru,F
3187,Homere,Huguet,hhuguet56@cdc.gov,M
3215,Gilberta,Medcraft,gmedcraft5y@taobao.com,F
3217,Rick,Girodier,rgirodier60@foxnews.com,M
3227,Minnnie,Cardinal,mcardinal6a@ucla.edu,F
3261,Hallsy,Daveridge,hdaveridge78@domainmarket.com,M
3264,Fabe,McMains,fmcmains7b@last.fm,M
3272,Sebastien,Lammertz,slammertz7j@microsoft.com,M
3289,Harley,Castelain,hcastelain80@sina.com.cn,M
3326,Nestor,Dormer,ndormer91@google.ru,M
3339,Morgan,Redpath,mredpath9e@businessweek.com,M
3340,Evie,Clutton,eclutton9f@google.com.hk,F
3343,Vikki,Hannaford,vhannaford9i@seesaa.net,F
3357,Gregoor,Dietmar,gdietmar9w@uol.com.br,M
3360,Humfrey,Greedier,hgreedier9z@theatlantic.com,M
3367,Rosmunda,Jerrans,rjerransa6@usa.gov,F
3370,Marigold,Hegerty,mhegertya9@wunderground.com,F
3372,Mamie,Adnett,madnettab@unicef.org,F
3373,Agneta,Iozefovich,aiozefovichac@etsy.com,F
3377,Suzy,Hankinson,shankinsonag@webs.com,F
3387,Leland,Mayston,lmaystonaq@xing.com,M
3392,Vilhelmina,Handover,vhandoverav@cbslocal.com,F
3397,Gerik,Dochon,gdochonb0@godaddy.com,M
3405,Fraser,Lis,flisb8@time.com,M
3408,Natty,Iamittii,niamittiibb@admin.ch,F
3412,Rickie,Gorler,rgorlerbf@yellowbook.com,M
3415,Gregory,Berg,gbergbi@icq.com,M
3419,Davidde,Reddlesden,dreddlesdenbm@surveymonkey.com,M
3421,Xerxes,Keyworth,xkeyworthbo@ning.com,M
3427,Aharon,Guarin,aguarinbu@lycos.com,M
3428,Jessa,Older,jolderbv@craigslist.org,F
3434,Caren,Roakes,croakesc1@altervista.org,F
3449,Garrek,Brahmer,gbrahmercg@sakura.ne.jp,M
3465,Alfie,Rainbird,arainbirdcw@jiathis.com,M
3477,Tessi,Allright,tallrightd8@imdb.com,F
3520,Corissa,Wimbush,cwimbushef@technorati.com,F
3527,Albrecht,Norsister,anorsisterem@ucoz.com,M
3532,Nikaniki,MacTrustram,nmactrustramer@webnode.com,F
3540,Angus,Braitling,abraitlingez@soup.io,M
3544,Kaine,Barden,kbardenf3@desdev.cn,M
3545,Marcelle,Newby,mnewbyf4@mtv.com,F
3549,Sibbie,Iorio,sioriof8@slashdot.org,F
3556,Joe,Von Der Empten,jvonderemptenff@engadget.com,M
3577,Julietta,Jennaroy,jjennaroyg0@google.ru,F
3579,Briano,Tison,btisong2@constantcontact.com,M
3582,Jasmina,Salvador,jsalvadorg5@chicagotribune.com,F
3588,Ainslee,de Glanville,adeglanvillegb@dell.com,F
3593,Sheena,Marty,smartygg@rediff.com,F
3602,Val,Jann,vjanngp@bloomberg.com,M
3605,Dee,Whenham,dwhenhamgs@ifeng.com,F
3612,Jacklyn,Baal,jbaalgz@is.gd,F
3617,Reggis,Stolberger,rstolbergerh4@ucoz.ru,M
3625,Gabriellia,Labuschagne,glabuschagnehc@livejournal.com,F
3630,Saidee,Minshall,sminshallhh@virginia.edu,F
3642,Frans,Stores,fstoresht@dot.gov,M
3644,Currey,Jamson,cjamsonhv@youku.com,M
3645,Dacie,Underdown,dunderdownhw@usnews.com,F
3651,Tamas,Boram,tborami2@webeden.co.uk,M
3658,Arnaldo,Dace,adacei9@npr.org,M
3674,Nicky,Elloway,nellowayip@nih.gov,M
3679,Ronda,Tomicki,rtomickiiu@msn.com,F
3695,Lamar,Swadon,lswadonja@sitemeter.com,M
3700,Tomlin,Aizikov,taizikovjf@theguardian.com,M
3704,Reamonn,Larner,rlarnerjj@alibaba.com,M
3707,Killie,Kirlin,kkirlinjm@indiatimes.com,M
3712,Leonerd,Sisneros,lsisnerosjr@tiny.cc,M
3719,Isidore,Wathan,iwathanjy@soup.io,M
3723,Zelda,Shipcott,zshipcottk2@ox.ac.uk,F
3730,Aeriela,Donohoe,adonohoek9@cnn.com,F
3738,Harriot,Vasilov,hvasilovkh@japanpost.jp,F
3741,Fin,McNeice,fmcneicekk@clickbank.net,M
3751,Olivier,Alentyev,oalentyevku@smh.com.au,M
3752,Jehu,Hafner,jhafnerkv@canalblog.com,M
3758,Essa,Hembrow,ehembrowl1@vkontakte.ru,F
3759,Bogey,Hubbuck,bhubbuckl2@fema.gov,M
3761,Josee,Dawton,jdawtonl4@tinypic.com,F
3768,Corrine,Chantillon,cchantillonlb@sakura.ne.jp,F
3777,Germain,Filby,gfilbylk@free.fr,M
3782,Wandie,Suthworth,wsuthworthlp@thetimes.co.uk,F
3812,Gaultiero,Zuann,gzuannmj@gravatar.com,M
3816,Elisabetta,Scougall,escougallmn@examiner.com,F
3832,Amery,Le Grove,alegroven3@mashable.com,M
3846,Conchita,Jaspar,cjasparnh@scientificamerican.com,F
3864,Milty,Chipchase,mchipchasenz@delicious.com,M
3866,Ariela,Avrahamoff,aavrahamoffo1@tinyurl.com,F
3868,Ethelin,Denyagin,edenyagino3@ifeng.com,F
3896,Spike,Pitney,spitneyov@stumbleupon.com,M
3910,Gifford,Lawlie,glawliep9@soundcloud.com,M
3911,Brien,Milward,bmilwardpa@marketwatch.com,M
3916,Nolie,Keunemann,nkeunemannpf@netscape.com,F
3922,Cad,Jollie,cjolliepl@gravatar.com,M
3923,Felicdad,Dammarell,fdammarellpm@livejournal.com,F
3931,Kalvin,Scotti,kscottipu@netscape.com,M
3933,Camala,Barthropp,cbarthropppw@hugedomains.com,F
3936,Mattias,Rennles,mrennlespz@github.com,M
3938,Avigdor,Dedmam,adedmamq1@last.fm,M
3944,Pavla,Egar,pegarq7@cisco.com,F
3948,Averil,Ponsford,aponsfordqb@sfgate.com,F
3950,Gertruda,Jahnel,gjahnelqd@theguardian.com,F
3965,Leigha,Dix,ldixqs@ed.gov,F
3975,Hillary,Itzcovich,hitzcovichr2@ovh.net,M
3981,Dallas,Callacher,dcallacherr8@hao123.com,M
3984,Nicko,Garter,ngarterrb@addthis.com,M
3985,Trever,Dorie,tdorierc@tripod.com,M
3987,Adoree,Langsbury,alangsburyre@webs.com,F
3995,Gayle,Child,gchildrm@hud.gov,M
4001,Zacharias,Thunnercliff,zthunnercliff0@w3.org,M
4006,Merwyn,Wheaton,mwheaton5@nps.gov,M
4008,Ahmad,Hunston,ahunston7@hubpages.com,M
4023,Sissy,Gilbank,sgilbankm@stanford.edu,F
4026,Quillan,McWhorter,qmcwhorterp@goo.ne.jp,M
4028,Clea,Shuxsmith,cshuxsmithr@about.com,F
4079,Payton,Langford,plangford26@acquirethisname.com,M
4086,Conrad,Burniston,cburniston2d@dyndns.org,M
4092,Frederic,Vasyaev,fvasyaev2j@soundcloud.com,M
4105,Allegra,Gainsborough,againsborough2w@1und1.de,F
4111,Torrin,Wooffitt,twooffitt32@surveymonkey.com,M
4117,Nedi,Polly,npolly38@dot.gov,F
4124,Chrystel,Beamand,cbeamand3f@bbb.org,F
4125,Norman,Parkman,nparkman3g@sphinn.com,M
4131,Morgan,Cescoti,mcescoti3m@soup.io,F
4136,Esdras,Moquin,emoquin3r@cam.ac.uk,M
4144,Antoni,Paffitt,apaffitt3z@tuttocitta.it,M
4155,Tallia,Bedward,tbedward4a@xrea.com,F
4163,Lanie,Lampen,llampen4i@bravesites.com,M
4175,Darnall,Al Hirsi,dalhirsi4u@cnn.com,M
4178,Xenos,Klebes,xklebes4x@latimes.com,M
4185,Bonny,Bertrand,bbertrand54@hibu.com,F
4190,Alexandro,Yule,ayule59@hubpages.com,M
4193,Fanya,Bricket,fbricket5c@aol.com,F
4200,Erma,Pere,epere5j@mediafire.com,F
4201,Terence,Poulgreen,tpoulgreen5k@w3.org,M
4202,Hettie,Scading,hscading5l@google.com.br,F
4204,Burt,Fosdike,bfosdike5n@dmoz.org,M
4208,Von,Iacobo,viacobo5r@so-net.ne.jp,M
4217,Rick,Girodier,rgirodier60@foxnews.com,M
4231,Rudie,Gritsunov,rgritsunov6e@engadget.com,M
4250,Johnny,Hammonds,jhammonds6x@behance.net,M
4254,Sargent,Friedenbach,sfriedenbach71@microsoft.com,M
4259,Smith,Jamary,sjamary76@shareasale.com,M
4265,Marietta,Hugett,mhugett7c@uol.com.br,M
4268,Rosy,Walewicz,rwalewicz7f@biblegateway.com,F
4270,Birgit,Wisbey,bwisbey7h@ed.gov,F
4287,Shelly,Aggett,saggett7y@msn.com,F
4301,Othella,Hudspith,ohudspith8c@ca.gov,F
4305,Odell,Simionescu,osimionescu8g@yale.edu,M
4312,Viki,Puddin,vpuddin8n@plala.or.jp,F
4315,Leupold,Apthorpe,lapthorpe8q@tmall.com,M
4330,Loralee,McKeighan,lmckeighan95@google.fr,F
4338,Domenico,Kitcatt,dkitcatt9d@discuz.net,M
4347,Reginauld,Bletcher,rbletcher9m@google.it,M
4351,Iorgo,Ruddell,iruddell9q@github.com,M
4361,Midge,Stollberg,mstollberga0@statcounter.com,F
4382,Abdel,Scarce,ascarceal@un.org,M
4389,Barbi,Lorimer,blorimeras@bbb.org,F
4394,Sela,Gauson,sgausonax@independent.co.uk,F
4400,Timi,Huddles,thuddlesb3@jiathis.com,F
4402,Aldridge,Covotti,acovottib5@answers.com,M
4408,Natty,Iamittii,niamittiibb@admin.ch,F
4416,Herculie,Habershaw,hhabershawbj@meetup.com,M
4417,Skippie,Marshal,smarshalbk@ow.ly,M
4419,Davidde,Reddlesden,dreddlesdenbm@surveymonkey.com,M
4421,Xerxes,Keyworth,xkeyworthbo@ning.com,M
4433,Reube,McNalley,rmcnalleyc0@sourceforge.net,M
4436,Corney,Bruhn,cbruhnc3@vimeo.com,M
4437,Amby,Fettiplace,afettiplacec4@tamu.edu,M
4438,Kitti,Thombleson,kthomblesonc5@bbc.co.uk,F
4444,Lory,Lathey,llatheycb@creativecommons.org,F
4446,Glen,Mattholie,gmattholiecd@jimdo.com,M
4451,Palmer,Crosdill,pcrosdillci@live.com,M
4454,Adelind,Odde,aoddecl@indiatimes.com,F
4455,Hercule,Chesworth,hchesworthcm@stumbleupon.com,M
4465,Alfie,Rainbird,arainbirdcw@jiathis.com,M
4466,Pierson,Pedreschi,ppedreschicx@naver.com,M
4471,Pattie,Weaben,pweabend2@mlb.com,M
4473,Esme,Hyslop,ehyslopd4@imageshack.us,F
4479,Parke,Gudyer,pgudyerda@tripadvisor.com,M
4485,Shoshana,Ithell,sithelldg@state.gov,F
4492,Pasquale,Loney,ploneydn@pinterest.com,M
4498,Gerry,Sidebotham,gsidebothamdt@about.me,F
4500,Suzette,Autry,sautrydv@pinterest.com,F
4508,Star,Wigmore,swigmoree3@vkontakte.ru,F
4511,Alden,Hailey,ahaileye6@lycos.com,M
4513,Maxie,Glassborow,mglassborowe8@newsvine.com,F
4520,Corissa,Wimbush,cwimbushef@technorati.com,F
4540,Angus,Braitling,abraitlingez@soup.io,M
4545,Marcelle,Newby,mnewbyf4@mtv.com,F
4549,Sibbie,Iorio,sioriof8@slashdot.org,F
4565,Elmo,Slyvester,eslyvesterfo@accuweather.com,M
4579,Briano,Tison,btisong2@constantcontact.com,M
4585,Fabio,Buckam,fbuckamg8@ibm.com,M
4595,Hestia,Yates,hyatesgi@google.fr,F
4608,Karlis,Ioselevich,kioselevichgv@java.com,M
4615,Cassey,Silburn,csilburnh2@xing.com,F
4624,Maxine,McCourt,mmccourthb@yelp.com,F
4626,Dawna,O'Shiel,doshielhd@ucsd.edu,F
4627,Gilbertine,Rachuig,grachuighe@51.la,F
4632,Patty,Jean,pjeanhj@abc.net.au,M
4643,Ervin,Giller,egillerhu@europa.eu,M
4645,Dacie,Underdown,dunderdownhw@usnews.com,F
4649,Ruthie,McTeer,rmcteeri0@uol.com.br,F
4651,Tamas,Boram,tborami2@webeden.co.uk,M
4653,Adler,Aguirrezabala,aaguirrezabalai4@ifeng.com,M
4656,Thom,Seak,tseaki7@timesonline.co.uk,M
4657,Laurianne,Ainscow,lainscowi8@usatoday.com,F
4661,Ruthanne,Ikin,rikinic@skype.com,F
4667,Evy,Corragan,ecorraganii@blogger.com,F
4668,Tatiania,Gaytor,tgaytorij@exblog.jp,F
4669,Waiter,Boatwright,wboatwrightik@rediff.com,M
4671,Dominica,Pleaden,dpleadenim@ihg.com,F
4696,Allis,Peres,aperesjb@networkadvertising.org,F
4707,Killie,Kirlin,kkirlinjm@indiatimes.com,M
4725,Allister,Polino,apolinok4@histats.com,M
4736,Cherey,Sercombe,csercombekf@msn.com,F
4738,Harriot,Vasilov,hvasilovkh@japanpost.jp,F
4746,Boyce,Younghusband,byounghusbandkp@nytimes.com,M
4757,Tedd,Peschke,tpeschkel0@time.com,M
4764,Randy,Rumke,rrumkel7@webs.com,F
4776,Megen,Hazard,mhazardlj@vimeo.com,F
4778,Avictor,Kaplin,akaplinll@yellowbook.com,M
4785,Nickolai,Cromarty,ncromartyls@seattletimes.com,M
4790,Cher,Hulatt,chulattlx@alibaba.com,F
4828,Pepito,Coppens,pcoppensmz@independent.co.uk,M
4831,Lilli,Meins,lmeinsn2@stumbleupon.com,F
4833,Frederich,Goulborn,fgoulbornn4@japanpost.jp,M
4841,Enrique,Clinton,eclintonnc@soup.io,M
4842,Culley,McInally,cmcinallynd@opera.com,M
4843,Raffaello,Sheed,rsheedne@hibu.com,M
4856,Shayne,Feehily,sfeehilynr@edublogs.org,M
4858,Langston,Berndtsson,lberndtssonnt@dmoz.org,M
4862,Anjela,Gundry,agundrynx@people.com.cn,F
4867,Gilly,Montier,gmontiero2@mapy.cz,F
4871,Vinnie,Humberstone,vhumberstoneo6@pagesperso-orange.fr,M
4873,Kamila,Gunda,kgundao8@bbb.org,F
4879,Pasquale,Simakov,psimakovoe@prweb.com,M
4885,Scotti,Dymick,sdymickok@mit.edu,M
4887,Mar,Ashling,mashlingom@yandex.ru,M
4899,Nollie,Trobridge,ntrobridgeoy@spiegel.de,M
4905,Laurice,Sturman,lsturmanp4@prnewswire.com,F
4920,Dasya,Bunstone,dbunstonepj@google.fr,F
4924,Laurence,Pendrey,lpendreypn@wunderground.com,M
4936,Mattias,Rennles,mrennlespz@github.com,M
4939,Ulric,MacGinney,umacginneyq2@1688.com,M
4940,Hollyanne,Ebbing,hebbingq3@printfriendly.com,F
4943,Constantina,McKeran,cmckeranq6@kickstarter.com,F
4944,Pavla,Egar,pegarq7@cisco.com,F
4954,Rip,Bottrill,rbottrillqh@shinystat.com,M
4963,Arvin,Sambles,asamblesqq@example.com,M
4977,Gracie,Wevell,gwevellr4@jimdo.com,F
4979,Wain,Hugin,whuginr6@dedecms.com,M
4991,Putnam,Elbourn,pelbournri@baidu.com,M
4996,Margery,De Coursey,mdecourseyrn@walmart.com,F
5006,Merwyn,Wheaton,mwheaton5@nps.gov,M
5015,Thibaud,Harrild,tharrilde@statcounter.com,M
5016,Joann,Ciciotti,jciciottif@gnu.org,F
5028,Clea,Shuxsmith,cshuxsmithr@about.com,F
5035,Danika,Keysel,dkeysely@google.es,F
5037,Caty,O'Corr,cocorr10@howstuffworks.com,F
5043,Whit,Aveling,waveling16@uol.com.br,M
5048,Rad,Egar,regar1b@wunderground.com,M
5057,Dominick,Pepys,dpepys1k@smugmug.com,M
5066,Paulita,Blaskett,pblaskett1t@umn.edu,F
5071,Chryste,Snasdell,csnasdell1y@360.cn,F
5078,Franchot,MacCaughey,fmaccaughey25@wsj.com,M
5085,Evanne,Camidge,ecamidge2c@mozilla.com,F
5086,Conrad,Burniston,cburniston2d@dyndns.org,M
5092,Frederic,Vasyaev,fvasyaev2j@soundcloud.com,M
5095,Guglielma,Moult,gmoult2m@tumblr.com,F
5101,Morse,Krojn,mkrojn2s@aol.com,M
5105,Allegra,Gainsborough,againsborough2w@1und1.de,F
5107,Jory,Fehners,jfehners2y@theguardian.com,M
5144,Antoni,Paffitt,apaffitt3z@tuttocitta.it,M
5151,Gerek,Peto,gpeto46@wufoo.com,M
5155,Tallia,Bedward,tbedward4a@xrea.com,F
5171,Emilio,Melbert,emelbert4q@friendfeed.com,M
5180,Lesli,MacKimmie,lmackimmie4z@goo.gl,F
5181,Ddene,Syder,dsyder50@yandex.ru,F
5182,Veronika,Sempill,vsempill51@icq.com,F
5186,Joshua,Cavil,jcavil55@craigslist.org,M
5191,Charlotte,Kalinovich,ckalinovich5a@mail.ru,F
5216,Mario,Marshman,mmarshman5z@bluehost.com,M
5218,Hali,Marages,hmarages61@google.de,F
5221,Fields,Pedler,fpedler64@gmpg.org,M
5225,Kristos,Febvre,kfebvre68@edublogs.org,M
5246,Clay,Tolle,ctolle6t@java.com,M
5250,Johnny,Hammonds,jhammonds6x@behance.net,M
5253,Faythe,Dury,fdury70@quantcast.com,F
5264,Fabe,McMains,fmcmains7b@last.fm,M
5271,Basilio,Couper,bcouper7i@ucoz.ru,M
5273,Shanon,Markie,smarkie7k@biglobe.ne.jp,F
5279,Gael,Winckle,gwinckle7q@bloglovin.com,M
5282,Frances,Annakin,fannakin7t@studiopress.com,F
5303,Natalina,Branchett,nbranchett8e@imageshack.us,F
5310,Wittie,Colebeck,wcolebeck8l@elegantthemes.com,M
5342,Rivkah,McElory,rmcelory9h@dedecms.com,F
5365,Ole,Outright,ooutrighta4@smh.com.au,M
5371,Izak,Greyes,igreyesaa@skype.com,M
5375,Page,Bick,pbickae@hibu.com,F
5398,Cami,Golden,cgoldenb1@wufoo.com,F
5401,Debra,Stapford,dstapfordb4@yahoo.co.jp,F
5404,Cordelie,Glacken,cglackenb7@hexun.com,F
5411,Perle,Geistbeck,pgeistbeckbe@fotki.com,F
5414,Yelena,Croux,ycrouxbh@is.gd,F
5416,Herculie,Habershaw,hhabershawbj@meetup.com,M
5418,Kareem,Dur,kdurbl@dyndns.org,M
5427,Aharon,Guarin,aguarinbu@lycos.com,M
5436,Corney,Bruhn,cbruhnc3@vimeo.com,M
5439,Vergil,Vasyatkin,vvasyatkinc6@flavors.me,M
5440,Kim,Sessions,ksessionsc7@pbs.org,F
5459,Trescha,Flode,tflodecq@tiny.cc,F
5461,Kaila,Cogdon,kcogdoncs@mit.edu,F
5491,Stefa,Hirjak,shirjakdm@themeforest.net,F
5497,Barris,Deinhard,bdeinhardds@gravatar.com,M
5508,Star,Wigmore,swigmoree3@vkontakte.ru,F
5509,Reinaldos,Gellion,rgellione4@lulu.com,M
5521,Goran,McGifford,gmcgiffordeg@rediff.com,M
5528,Clemence,Feathers,cfeathersen@about.me,F
5534,Kendra,Duckels,kduckelset@shinystat.com,F
5535,Candra,Lenthall,clenthalleu@wp.com,F
5551,Quinton,Eggleson,qegglesonfa@smugmug.com,M
5580,Natalee,Potteril,npotterilg3@macromedia.com,F
5586,Boothe,Hamshaw,bhamshawg9@scientificamerican.com,M
5588,Ainslee,de Glanville,adeglanvillegb@dell.com,F
5590,Glori,Spybey,gspybeygd@oakley.com,F
5594,Aime,Schops,aschopsgh@answers.com,F
5595,Hestia,Yates,hyatesgi@google.fr,F
5605,Dee,Whenham,dwhenhamgs@ifeng.com,F
5617,Reggis,Stolberger,rstolbergerh4@ucoz.ru,M
5623,Suzanne,Wanless,swanlessha@globo.com,F
5629,Annalee,Dirr,adirrhg@tiny.cc,F
5635,Jacki,Barbery,jbarberyhm@elegantthemes.com,F
5638,Jed,Tome,jtomehp@stanford.edu,M
5662,Nolan,Jehaes,njehaesid@sciencedaily.com,M
5668,Tatiania,Gaytor,tgaytorij@exblog.jp,F
5687,Gertrude,Wilber,gwilberj2@cdc.gov,F
5692,Cecilla,Gozney,cgozneyj7@over-blog.com,F
5696,Allis,Peres,aperesjb@networkadvertising.org,F
5698,Marti,Bebbington,mbebbingtonjd@chicagotribune.com,F
5703,Maisie,Pierrepoint,mpierrepointji@bandcamp.com,F
5716,Matthias,Haswell,mhaswelljv@ezinearticles.com,M
5718,Devina,Sievewright,dsievewrightjx@mail.ru,F
5733,Luella,Kleinholz,lkleinholzkc@shinystat.com,F
5734,Riccardo,Cadden,rcaddenkd@pen.io,M
5743,Mehetabel,Kenningham,mkenninghamkm@flavors.me,F
5751,Olivier,Alentyev,oalentyevku@smh.com.au,M
5752,Jehu,Hafner,jhafnerkv@canalblog.com,M
5753,Bobinette,Shaddock,bshaddockkw@fema.gov,F
5756,Cazzie,Lowsely,clowselykz@tripod.com,M
5768,Corrine,Chantillon,cchantillonlb@sakura.ne.jp,F
5771,Welch,Papen,wpapenle@soup.io,M
5776,Megen,Hazard,mhazardlj@vimeo.com,F
5786,Tulley,Larrie,tlarrielt@theguardian.com,M
5787,Clareta,Turbill,cturbilllu@sciencedirect.com,F
5791,Lisabeth,Mattussevich,lmattussevichly@altervista.org,F
5806,Fredrika,Vaadeland,fvaadelandmd@ovh.net,F
5810,Cristi,Exeter,cexetermh@istockphoto.com,F
5816,Elisabetta,Scougall,escougallmn@examiner.com,F
5822,Dulcinea,Wollard,dwollardmt@storify.com,F
5826,Bryanty,Grelak,bgrelakmx@de.vu,M
5829,Russ,Briar,rbriarn0@ehow.com,M
5836,Emmanuel,Argont,eargontn7@sciencedirect.com,M
5845,Jenni,Nelthorpe,jnelthorpeng@mysql.com,F
5856,Shayne,Feehily,sfeehilynr@edublogs.org,M
5859,Onfre,Iacovone,oiacovonenu@last.fm,M
5860,Herve,Lowten,hlowtennv@sina.com.cn,M
5875,Luciano,Bourdis,lbourdisoa@goo.ne.jp,M
5898,Donn,Gladwin,dgladwinox@parallels.com,M
5905,Laurice,Sturman,lsturmanp4@prnewswire.com,F
5907,Dorthea,Jiran,djiranp6@nps.gov,F
5915,Morganica,McMennum,mmcmennumpe@sciencedirect.com,F
5925,Elke,Bulbeck,ebulbeckpo@mozilla.org,F
5934,Johnathon,Wandrack,jwandrackpx@house.gov,M
5939,Ulric,MacGinney,umacginneyq2@1688.com,M
5963,Arvin,Sambles,asamblesqq@example.com,M
5965,Leigha,Dix,ldixqs@ed.gov,F
5967,Nicki,Witchell,nwitchellqu@princeton.edu,F
5974,Missie,Wookey,mwookeyr1@home.pl,F
5978,Vaughn,Childs,vchildsr5@youku.com,M
5979,Wain,Hugin,whuginr6@dedecms.com,M
5980,Carlene,Longhorne,clonghorner7@time.com,F
5985,Trever,Dorie,tdorierc@tripod.com,M
5990,Morey,Jouannin,mjouanninrh@timesonline.co.uk,M
5991,Putnam,Elbourn,pelbournri@baidu.com,M
5999,Orazio,Rosling,oroslingrq@redcross.org,M
6007,Kellie,Adamsen,kadamsen6@reference.com,F
6008,Ahmad,Hunston,ahunston7@hubpages.com,M
6015,Thibaud,Harrild,tharrilde@statcounter.com,M
6018,Elsa,Renbold,erenboldh@disqus.com,F
6039,Fayina,Coger,fcoger12@google.fr,F
6049,Archaimbaud,Lydford,alydford1c@wiley.com,M
6066,Paulita,Blaskett,pblaskett1t@umn.edu,F
6068,Orelia,Oliphard,ooliphard1v@livejournal.com,F
6071,Chryste,Snasdell,csnasdell1y@360.cn,F
6077,Aurel,Connue,aconnue24@newsvine.com,F
6079,Payton,Langford,plangford26@acquirethisname.com,M
6084,Zebadiah,Primak,zprimak2b@ucla.edu,M
6088,Roxine,Dary,rdary2f@github.io,F
6097,Eldin,Lourens,elourens2o@ifeng.com,M
6101,Morse,Krojn,mkrojn2s@aol.com,M
6103,Deloria,Pordall,dpordall2u@hc360.com,F
6119,Talyah,Koomar,tkoomar3a@quantcast.com,F
6122,Ursulina,Pollok,upollok3d@drupal.org,F
6132,Willabella,Howley,whowley3n@illinois.edu,F
6139,Odie,Paoletti,opaoletti3u@imgur.com,M
6161,Craggie,Creser,ccreser4g@netscape.com,M
6163,Lanie,Lampen,llampen4i@bravesites.com,M
6167,Aarika,Guinnane,aguinnane4m@soundcloud.com,F
6169,Ransell,June,rjune4o@de.vu,M
6182,Veronika,Sempill,vsempill51@icq.com,F
6188,Hart,Amies,hamies57@bbc.co.uk,M
6193,Fanya,Bricket,fbricket5c@aol.com,F
6195,Camey,Viant,cviant5e@nba.com,M
6198,Sean,Struttman,sstruttman5h@delicious.com,M
6201,Terence,Poulgreen,tpoulgreen5k@w3.org,M
6215,Gilberta,Medcraft,gmedcraft5y@taobao.com,F
6219,Mauricio,Nancarrow,mnancarrow62@ameblo.jp,M
6223,Kania,Yurasov,kyurasov66@mashable.com,F
6242,Rosemonde,Reville,rreville6p@blogtalkradio.com,F
6243,Stacey,Holttom,sholttom6q@diigo.com,F
6247,Raye,Simper,rsimper6u@ameblo.jp,F
6254,Sargent,Friedenbach,sfriedenbach71@microsoft.com,M
6262,Guenevere,Quibell,gquibell79@unc.edu,F
6266,Natalya,Nelle,nnelle7d@theguardian.com,F
6268,Rosy,Walewicz,rwalewicz7f@biblegateway.com,F
6273,Shanon,Markie,smarkie7k@biglobe.ne.jp,F
6286,Andy,Gyorgy,agyorgy7x@linkedin.com,M
6288,Cristine,Wyldbore,cwyldbore7z@php.net,F
6296,Xena,Hinckley,xhinckley87@cdbaby.com,F
6311,Jenica,Cristoforetti,jcristoforetti8m@example.com,F
6323,Nikolaus,Hyslop,nhyslop8y@accuweather.com,M
6325,Marsh,Bould,mbould90@cdc.gov,M
6329,Fidelity,Marquot,fmarquot94@cornell.edu,F
6338,Domenico,Kitcatt,dkitcatt9d@discuz.net,M
6373,Agneta,Iozefovich,aiozefovichac@etsy.com,F
6377,Suzy,Hankinson,shankinsonag@webs.com,F
6384,Gabriellia,Duckfield,gduckfieldan@earthlink.net,F
6394,Sela,Gauson,sgausonax@independent.co.uk,F
6396,Valentia,Curnock,vcurnockaz@usgs.gov,F
6402,Aldridge,Covotti,acovottib5@answers.com,M
6406,Delores,Ixer,dixerb9@aboutads.info,F
6408,Natty,Iamittii,niamittiibb@admin.ch,F
6428,Jessa,Older,jolderbv@craigslist.org,F
6445,Smith,Domnick,sdomnickcc@army.mil,M
6453,Travus,Everett,teverettck@japanpost.jp,M
6465,Alfie,Rainbird,arainbirdcw@jiathis.com,M
6470,Orv,Buffham,obuffhamd1@jigsy.com,M
6475,Denver,Fay,dfayd6@devhub.com,M
6478,Merrile,Helks,mhelksd9@spiegel.de,F
6485,Shoshana,Ithell,sithelldg@state.gov,F
6488,Alexi,Eighteen,aeighteendj@odnoklassniki.ru,F
6499,Sutton,Springer,sspringerdu@blogs.com,M
6504,Hynda,Leroy,hleroydz@whitehouse.gov,F
6507,Theodoric,MacPhail,tmacphaile2@ftc.gov,M
6524,Renelle,Lyman,rlymanej@admin.ch,F
6529,Margery,Abrahmer,mabrahmereo@addthis.com,F
6533,Selma,Lammert,slammertes@google.com.hk,F
6536,Bessie,Stellin,bstellinev@miibeian.gov.cn,F
6544,Kaine,Barden,kbardenf3@desdev.cn,M
6557,Janel,Hoopper,jhoopperfg@fastcompany.com,F
6576,Vaughan,Verna,vvernafz@jugem.jp,M
6581,Leila,Bon,lbong4@va.gov,F
6585,Fabio,Buckam,fbuckamg8@ibm.com,M
6587,Pierce,Mathou,pmathouga@cnbc.com,M
6589,Matthaeus,Horley,mhorleygc@fema.gov,M
6611,Di,Meckiff,dmeckiffgy@nba.com,F
6622,Derby,O'Glessane,doglessaneh9@house.gov,M
6624,Maxine,McCourt,mmccourthb@yelp.com,F
6630,Saidee,Minshall,sminshallhh@virginia.edu,F
6654,Lissa,Pietzker,lpietzkeri5@edublogs.org,F
6670,Preston,Cherrett,pcherrettil@wikimedia.org,M
6671,Dominica,Pleaden,dpleadenim@ihg.com,F
6679,Ronda,Tomicki,rtomickiiu@msn.com,F
6683,Ambur,Squibbes,asquibbesiy@wisc.edu,F
6684,Hadlee,Passey,hpasseyiz@123-reg.co.uk,M
6691,Ezechiel,Awde,eawdej6@bloomberg.com,M
6692,Cecilla,Gozney,cgozneyj7@over-blog.com,F
6702,Laura,Prisk,lpriskjh@examiner.com,F
6703,Maisie,Pierrepoint,mpierrepointji@bandcamp.com,F
6715,Earlie,Lockier,elockierju@japanpost.jp,M
6717,Adler,Rosengart,arosengartjw@hibu.com,M
6718,Devina,Sievewright,dsievewrightjx@mail.ru,F
6721,Erick,Spirit,espiritk0@1und1.de,M
6729,Hank,Walkowski,hwalkowskik8@accuweather.com,M
6730,Aeriela,Donohoe,adonohoek9@cnn.com,F
6733,Luella,Kleinholz,lkleinholzkc@shinystat.com,F
6737,Killian,Lambertz,klambertzkg@goodreads.com,M
6738,Harriot,Vasilov,hvasilovkh@japanpost.jp,F
6742,Katherina,Gudahy,kgudahykl@princeton.edu,F
6749,Jennette,Audenis,jaudenisks@51.la,F
6755,Geraldine,Bamsey,gbamseyky@google.pl,F
6780,Tony,Elijahu,telijahuln@de.vu,M
6786,Tulley,Larrie,tlarrielt@theguardian.com,M
6807,Guenevere,Copnar,gcopnarme@de.vu,F
6814,Marissa,Schubart,mschubartml@seesaa.net,F
6815,Artemas,Jerrold,ajerroldmm@bravesites.com,M
6836,Emmanuel,Argont,eargontn7@sciencedirect.com,M
6837,Dav,Orman,dormann8@ebay.co.uk,M
6842,Culley,McInally,cmcinallynd@opera.com,M
6850,Reinald,Bulley,rbulleynl@washingtonpost.com,M
6854,Massimo,Battram,mbattramnp@reverbnation.com,M
6864,Milty,Chipchase,mchipchasenz@delicious.com,M
6867,Gilly,Montier,gmontiero2@mapy.cz,F
6902,Llewellyn,McAirt,lmcairtp1@dedecms.com,M
6904,Carson,Coppo,ccoppop3@icio.us,M
6907,Dorthea,Jiran,djiranp6@nps.gov,F
6918,Terrell,Gerardot,tgerardotph@chron.com,M
6937,Kathy,Bercevelo,kberceveloq0@xrea.com,F
6939,Ulric,MacGinney,umacginneyq2@1688.com,M
6947,Meara,Baroche,mbarocheqa@howstuffworks.com,F
6948,Averil,Ponsford,aponsfordqb@sfgate.com,F
6949,Elfreda,Threader,ethreaderqc@army.mil,F
6971,Yevette,Bernardotte,ybernardotteqy@instagram.com,F
6972,Sabine,Allen,sallenqz@cornell.edu,F
6973,Kariotta,Langfitt,klangfittr0@uiuc.edu,F
6977,Gracie,Wevell,gwevellr4@jimdo.com,F
6978,Vaughn,Childs,vchildsr5@youku.com,M
6979,Wain,Hugin,whuginr6@dedecms.com,M
6981,Dallas,Callacher,dcallacherr8@hao123.com,M
6983,Ingamar,Jarrette,ijarrettera@biblegateway.com,M
6992,Hagan,Jeannequin,hjeannequinrj@jimdo.com,M
6999,Orazio,Rosling,oroslingrq@redcross.org,M
7000,Sherm,MacCallester,smaccallesterrr@hp.com,M
7022,Ealasaid,De Cruze,edecruzel@instagram.com,F
7027,Ricoriki,Stabbins,rstabbinsq@examiner.com,M
7030,Jorie,Muehler,jmuehlert@buzzfeed.com,F
7038,Findlay,Pesticcio,fpesticcio11@icio.us,M
7039,Fayina,Coger,fcoger12@google.fr,F
7050,Giffie,McMichell,gmcmichell1d@seesaa.net,M
7074,Sigismond,Hissett,shissett21@meetup.com,M
7077,Aurel,Connue,aconnue24@newsvine.com,F
7099,Dore,Willstrop,dwillstrop2q@deliciousdays.com,F
7103,Deloria,Pordall,dpordall2u@hc360.com,F
7110,Bridgette,Mouth,bmouth31@boston.com,F
7123,Barthel,Grundy,bgrundy3e@chicagotribune.com,M
7126,Ethyl,Pindell,epindell3h@buzzfeed.com,F
7132,Willabella,Howley,whowley3n@illinois.edu,F
7182,Veronika,Sempill,vsempill51@icq.com,F
7183,Aileen,Bartel,abartel52@sbwire.com,F
7190,Alexandro,Yule,ayule59@hubpages.com,M
7198,Sean,Struttman,sstruttman5h@delicious.com,M
7205,Kristel,Marian,kmarian5o@twitpic.com,F
7208,Von,Iacobo,viacobo5r@so-net.ne.jp,M
7209,Gladys,Outridge,goutridge5s@nbcnews.com,F
7216,Mario,Marshman,mmarshman5z@bluehost.com,M
7221,Fields,Pedler,fpedler64@gmpg.org,M
7229,Zeb,Laxtonne,zlaxtonne6c@merriam-webster.com,M
7249,Goldia,Melan,gmelan6w@1688.com,F
7284,Dew,Attaway,dattaway7v@prweb.com,M
7291,Mattie,Tottle,mtottle82@wikimedia.org,F
7295,Bernadine,Dare,bdare86@over-blog.com,F
7301,Othella,Hudspith,ohudspith8c@ca.gov,F
7304,Whitby,O'Geaney,wogeaney8f@dedecms.com,M
7306,Carlin,Spackman,cspackman8h@ezinearticles.com,F
7314,Ebenezer,Antoney,eantoney8p@hibu.com,M
7325,Marsh,Bould,mbould90@cdc.gov,M
7327,Lorne,Work,lwork92@lulu.com,F
7331,Erich,Ungerechts,eungerechts96@wikimedia.org,M
7334,Issi,Salatino,isalatino99@wsj.com,F
7342,Rivkah,McElory,rmcelory9h@dedecms.com,F
7344,Darnall,Uc,duc9j@imageshack.us,M
7354,Betteann,Dalloway,bdalloway9t@dyndns.org,F
7358,Jethro,Troup,jtroup9x@cam.ac.uk,M
7373,Agneta,Iozefovich,aiozefovichac@etsy.com,F
7383,Odille,Aviss,oavissam@merriam-webster.com,F
7389,Barbi,Lorimer,blorimeras@bbb.org,F
7399,Jourdain,McPeeters,jmcpeetersb2@yale.edu,M
7410,Early,Biglin,ebiglinbd@independent.co.uk,M
7414,Yelena,Croux,ycrouxbh@is.gd,F
7421,Xerxes,Keyworth,xkeyworthbo@ning.com,M
7451,Palmer,Crosdill,pcrosdillci@live.com,M
7452,Anthea,Colby,acolbycj@dagondesign.com,F
7454,Adelind,Odde,aoddecl@indiatimes.com,F
7460,Maryanna,Iskowitz,miskowitzcr@wunderground.com,F
7466,Pierson,Pedreschi,ppedreschicx@naver.com,M
7470,Orv,Buffham,obuffhamd1@jigsy.com,M
7476,Latisha,Stapleton,lstapletond7@ask.com,F
7480,Babita,Beneteau,bbeneteaudb@omniture.com,F
7484,Chalmers,Kleanthous,ckleanthousdf@economist.com,M
7498,Gerry,Sidebotham,gsidebothamdt@about.me,F
7511,Alden,Hailey,ahaileye6@lycos.com,M
7524,Renelle,Lyman,rlymanej@admin.ch,F
7540,Angus,Braitling,abraitlingez@soup.io,M
7545,Marcelle,Newby,mnewbyf4@mtv.com,F
7558,Torie,Cory,tcoryfh@123-reg.co.uk,F
7571,Bessie,Rickarsey,brickarseyfu@tripadvisor.com,F
7581,Leila,Bon,lbong4@va.gov,F
7584,Fara,Kyston,fkystong7@phoca.cz,F
7586,Boothe,Hamshaw,bhamshawg9@scientificamerican.com,M
7592,Agna,Barme,abarmegf@ted.com,F
7594,Aime,Schops,aschopsgh@answers.com,F
7599,Daren,Galle,dgallegm@weebly.com,M
7600,Fancie,Van der Brug,fvanderbruggn@godaddy.com,F
7610,Lance,McCombe,lmccombegx@google.com,M
7615,Cassey,Silburn,csilburnh2@xing.com,F
7626,Dawna,O'Shiel,doshielhd@ucsd.edu,F
7633,Idell,Vidgeon,ividgeonhk@usa.gov,F
7634,Cherianne,Petrushanko,cpetrushankohl@ebay.com,F
7649,Ruthie,McTeer,rmcteeri0@uol.com.br,F
7656,Thom,Seak,tseaki7@timesonline.co.uk,M
7657,Laurianne,Ainscow,lainscowi8@usatoday.com,F
7658,Arnaldo,Dace,adacei9@npr.org,M
7660,Joelynn,Hubbard,jhubbardib@typepad.com,F
7677,Caldwell,Bagot,cbagotis@google.co.jp,M
7689,Cherey,Phin,cphinj4@issuu.com,F
7691,Ezechiel,Awde,eawdej6@bloomberg.com,M
7692,Cecilla,Gozney,cgozneyj7@over-blog.com,F
7701,Brade,Pelos,bpelosjg@gizmodo.com,M
7706,Nessy,Bachelar,nbachelarjl@biblegateway.com,F
7714,Hillier,Keilloh,hkeillohjt@devhub.com,M
7722,Jessy,Domb,jdombk1@yellowpages.com,F
7724,Orran,Nudds,onuddsk3@ucsd.edu,M
7725,Allister,Polino,apolinok4@histats.com,M
7746,Boyce,Younghusband,byounghusbandkp@nytimes.com,M
7747,Martyn,Danes,mdaneskq@biblegateway.com,M
7749,Jennette,Audenis,jaudenisks@51.la,F
7767,Marcie,Kix,mkixla@usgs.gov,F
7769,Fifi,Burchett,fburchettlc@techcrunch.com,F
7785,Nickolai,Cromarty,ncromartyls@seattletimes.com,M
7788,Cherilynn,Jeavons,cjeavonslv@weebly.com,F
7789,Xylia,Muzzini,xmuzzinilw@columbia.edu,F
7791,Lisabeth,Mattussevich,lmattussevichly@altervista.org,F
7794,Rebe,Arnott,rarnottm1@flavors.me,F
7818,Arnold,Gartin,agartinmp@twitter.com,M
7820,Cari,Vane,cvanemr@blinklist.com,F
7831,Lilli,Meins,lmeinsn2@stumbleupon.com,F
7832,Amery,Le Grove,alegroven3@mashable.com,M
7837,Dav,Orman,dormann8@ebay.co.uk,M
7851,Eberhard,Vasilechko,evasilechkonm@cnet.com,M
7854,Massimo,Battram,mbattramnp@reverbnation.com,M
7855,Gertrud,MacTague,gmactaguenq@sourceforge.net,F
7866,Ariela,Avrahamoff,aavrahamoffo1@tinyurl.com,F
7869,Leann,Warwicker,lwarwickero4@abc.net.au,F
7875,Luciano,Bourdis,lbourdisoa@goo.ne.jp,M
7877,Augie,Bartoszewski,abartoszewskioc@engadget.com,M
7881,Moina,Halsall,mhalsallog@123-reg.co.uk,F
7894,Renard,O'Corren,rocorrenot@hibu.com,M
7895,Alyss,Ollet,aolletou@wiley.com,F
7898,Donn,Gladwin,dgladwinox@parallels.com,M
7913,Bunni,Shelford,bshelfordpc@newyorker.com,F
7919,Dorine,Kynd,dkyndpi@google.pl,F
7926,Westleigh,Pettendrich,wpettendrichpp@kickstarter.com,M
7929,Kristina,MacCrachen,kmaccrachenps@flickr.com,F
7934,Johnathon,Wandrack,jwandrackpx@house.gov,M
7935,Salem,Penkethman,spenkethmanpy@ezinearticles.com,M
7940,Hollyanne,Ebbing,hebbingq3@printfriendly.com,F
7941,Miguela,Kisting,mkistingq4@ebay.com,F
7950,Gertruda,Jahnel,gjahnelqd@theguardian.com,F
7968,Stanleigh,McReedy,smcreedyqv@furl.net,M
7971,Yevette,Bernardotte,ybernardotteqy@instagram.com,F
7976,Dolf,Turnbull,dturnbullr3@hostgator.com,M
7977,Gracie,Wevell,gwevellr4@jimdo.com,F
7978,Vaughn,Childs,vchildsr5@youku.com,M
7982,Arlette,Durdle,adurdler9@nature.com,F
7993,Forrester,Pawlett,fpawlettrk@youku.com,M
7994,Lora,Sproul,lsproulrl@ning.com,F
7995,Gayle,Child,gchildrm@hud.gov,M
7998,Howie,Lucas,hlucasrp@dropbox.com,M
8013,Lyell,Schoroder,lschoroderc@buzzfeed.com,M
8015,Thibaud,Harrild,tharrilde@statcounter.com,M
8018,Elsa,Renbold,erenboldh@disqus.com,F
8025,Maddie,Camber,mcambero@hud.gov,F
8028,Clea,Shuxsmith,cshuxsmithr@about.com,F
8033,Calley,Gregoriou,cgregoriouw@howstuffworks.com,F
8037,Caty,O'Corr,cocorr10@howstuffworks.com,F
8039,Fayina,Coger,fcoger12@google.fr,F
8044,Sibyl,Leathwood,sleathwood17@slashdot.org,F
8045,Brita,Bulger,bbulger18@blogspot.com,F
8047,Bary,McEntagart,bmcentagart1a@telegraph.co.uk,M
8048,Rad,Egar,regar1b@wunderground.com,M
8053,Bethany,Pavlovsky,bpavlovsky1g@desdev.cn,F
8071,Chryste,Snasdell,csnasdell1y@360.cn,F
8074,Sigismond,Hissett,shissett21@meetup.com,M
8078,Franchot,MacCaughey,fmaccaughey25@wsj.com,M
8088,Roxine,Dary,rdary2f@github.io,F
8090,Tommie,Penhalurick,tpenhalurick2h@sfgate.com,M
8094,Sanson,Lockyear,slockyear2l@oracle.com,M
8097,Eldin,Lourens,elourens2o@ifeng.com,M
8106,Regina,Castledine,rcastledine2x@independent.co.uk,F
8115,Birch,McElhinney,bmcelhinney36@unblog.fr,M
8121,Dun,Newbatt,dnewbatt3c@cmu.edu,M
8124,Chrystel,Beamand,cbeamand3f@bbb.org,F
8129,Ethelred,Carville,ecarville3k@sciencedaily.com,M
8133,Chane,Bartell,cbartell3o@jimdo.com,M
8134,Elbert,Kipping,ekipping3p@weather.com,M
8136,Esdras,Moquin,emoquin3r@cam.ac.uk,M
8138,Beaufort,Fowlston,bfowlston3t@apache.org,M
8142,Dedra,McGarahan,dmcgarahan3x@shareasale.com,F
8144,Antoni,Paffitt,apaffitt3z@tuttocitta.it,M
8145,Worden,Cullum,wcullum40@yolasite.com,M
8158,Jody,Larrosa,jlarrosa4d@google.ru,F
8159,Adolph,Brookhouse,abrookhouse4e@sakura.ne.jp,M
8160,Cord,McDavitt,cmcdavitt4f@cbsnews.com,M
8163,Lanie,Lampen,llampen4i@bravesites.com,M
8168,Hastings,Mennell,hmennell4n@cisco.com,M
8172,Carmita,Kadwallider,ckadwallider4r@youku.com,F
8174,Jeromy,Ivanchin,jivanchin4t@mediafire.com,M
8175,Darnall,Al Hirsi,dalhirsi4u@cnn.com,M
8180,Lesli,MacKimmie,lmackimmie4z@goo.gl,F
8181,Ddene,Syder,dsyder50@yandex.ru,F
8184,Edi,Bergen,ebergen53@plala.or.jp,F
8186,Joshua,Cavil,jcavil55@craigslist.org,M
8194,Shalom,Lamblot,slamblot5d@bloglines.com,M
8203,Wilbert,Pavelin,wpavelin5m@whitehouse.gov,M
8207,Zaria,Pina,zpina5q@gnu.org,F
8210,Robena,Rankcom,rrankcom5t@skype.com,F
8213,Orin,Murphey,omurphey5w@istockphoto.com,M
8214,Isidora,Faragan,ifaragan5x@youtu.be,F
8216,Mario,Marshman,mmarshman5z@bluehost.com,M
8220,Alysia,Dyble,adyble63@slate.com,F
8223,Kania,Yurasov,kyurasov66@mashable.com,F
8231,Rudie,Gritsunov,rgritsunov6e@engadget.com,M
8240,Gaile,Wignall,gwignall6n@amazon.co.jp,M
8241,Renie,Wallice,rwallice6o@accuweather.com,F
8243,Stacey,Holttom,sholttom6q@diigo.com,F
8254,Sargent,Friedenbach,sfriedenbach71@microsoft.com,M
8255,Artemus,Kestin,akestin72@mit.edu,M
8260,Brooks,Pass,bpass77@ovh.net,F
8270,Birgit,Wisbey,bwisbey7h@ed.gov,F
8271,Basilio,Couper,bcouper7i@ucoz.ru,M
8272,Sebastien,Lammertz,slammertz7j@microsoft.com,M
8277,Angelica,Quarles,aquarles7o@1688.com,F
8286,Andy,Gyorgy,agyorgy7x@linkedin.com,M
8287,Shelly,Aggett,saggett7y@msn.com,F
8290,Fred,Toler,ftoler81@joomla.org,M
8294,Ede,Ruscoe,eruscoe85@infoseek.co.jp,F
8315,Leupold,Apthorpe,lapthorpe8q@tmall.com,M
8327,Lorne,Work,lwork92@lulu.com,F
8328,Currey,Holme,cholme93@google.com.au,M
8334,Issi,Salatino,isalatino99@wsj.com,F
8337,Leila,Gergler,lgergler9c@intel.com,F
8344,Darnall,Uc,duc9j@imageshack.us,M
8346,Jeremy,Eccersley,jeccersley9l@shinystat.com,M
8354,Betteann,Dalloway,bdalloway9t@dyndns.org,F
8364,Georgetta,Spender,gspendera3@prweb.com,F
8369,Ingaberg,Buist,ibuista8@techcrunch.com,F
8372,Mamie,Adnett,madnettab@unicef.org,F
8378,Emelina,Klagge,eklaggeah@elegantthemes.com,F
8397,Gerik,Dochon,gdochonb0@godaddy.com,M
8401,Debra,Stapford,dstapfordb4@yahoo.co.jp,F
8406,Delores,Ixer,dixerb9@aboutads.info,F
8407,Shea,Theze,sthezeba@amazon.co.uk,F
8417,Skippie,Marshal,smarshalbk@ow.ly,M
8420,Dani,McTeer,dmcteerbn@163.com,M
8422,Matelda,Izakson,mizaksonbp@wired.com,F
8425,Donica,Glasner,dglasnerbs@hostgator.com,F
8440,Kim,Sessions,ksessionsc7@pbs.org,F
8442,Luke,Mangeney,lmangeneyc9@slate.com,M
8458,Berny,Leaming,bleamingcp@ameblo.jp,F
8460,Maryanna,Iskowitz,miskowitzcr@wunderground.com,F
8470,Orv,Buffham,obuffhamd1@jigsy.com,M
8487,Ezri,Maskew,emaskewdi@shinystat.com,M
8494,Artemas,Dorsey,adorseydp@g.co,M
8497,Barris,Deinhard,bdeinhardds@gravatar.com,M
8500,Suzette,Autry,sautrydv@pinterest.com,F
8505,Federica,Coe,fcoee0@comcast.net,F
8506,Nicolea,Gillino,ngillinoe1@pinterest.com,F
8509,Reinaldos,Gellion,rgellione4@lulu.com,M
8513,Maxie,Glassborow,mglassborowe8@newsvine.com,F
8517,Aldon,Beelby,abeelbyec@google.com.au,M
8520,Corissa,Wimbush,cwimbushef@technorati.com,F
8539,Bryn,Gilfoyle,bgilfoyleey@gravatar.com,F
8542,Brigit,Jope,bjopef1@constantcontact.com,F
8548,Ede,Tuminini,etumininif7@ox.ac.uk,F
8555,Kaile,Godding,kgoddingfe@foxnews.com,F
8562,Katrina,Fontenot,kfontenotfl@icio.us,F
8564,Valentine,Ruprecht,vruprechtfn@japanpost.jp,M
8565,Elmo,Slyvester,eslyvesterfo@accuweather.com,M
8572,Abbe,Clarkin,aclarkinfv@apple.com,M
8575,Daffie,Clewlow,dclewlowfy@salon.com,F
8580,Natalee,Potteril,npotterilg3@macromedia.com,F
8585,Fabio,Buckam,fbuckamg8@ibm.com,M
8593,Sheena,Marty,smartygg@rediff.com,F
8594,Aime,Schops,aschopsgh@answers.com,F
8596,Sarge,Olech,solechgj@theatlantic.com,M
8601,Alie,Nansom,anansomgo@nsw.gov.au,F
8609,Lynnea,Warn,lwarngw@g.co,F
8611,Di,Meckiff,dmeckiffgy@nba.com,F
8620,Virge,Lalonde,vlalondeh7@angelfire.com,M
8621,Rodger,O'Bradain,robradainh8@etsy.com,M
8626,Dawna,O'Shiel,doshielhd@ucsd.edu,F
8627,Gilbertine,Rachuig,grachuighe@51.la,F
8637,Marrilee,Thirst,mthirstho@ustream.tv,F
8638,Jed,Tome,jtomehp@stanford.edu,M
8643,Ervin,Giller,egillerhu@europa.eu,M
8647,Kelsey,Fishly,kfishlyhy@dell.com,F
8654,Lissa,Pietzker,lpietzkeri5@edublogs.org,F
8676,Rayna,Huby,rhubyir@cnet.com,F
8680,Umberto,Bankhurst,ubankhurstiv@prnewswire.com,M
8682,Dorisa,Gradly,dgradlyix@furl.net,F
8691,Ezechiel,Awde,eawdej6@bloomberg.com,M
8697,Jodie,Quinnelly,jquinnellyjc@mozilla.org,F
8703,Maisie,Pierrepoint,mpierrepointji@bandcamp.com,F
8712,Leonerd,Sisneros,lsisnerosjr@tiny.cc,M
8720,Janis,Weafer,jweaferjz@tamu.edu,F
8735,Ede,Ranger,erangerke@about.me,F
8741,Fin,McNeice,fmcneicekk@clickbank.net,M
8744,Ker,Eagleston,keaglestonkn@princeton.edu,M
8774,Lester,Pottiphar,lpottipharlh@house.gov,M
8777,Germain,Filby,gfilbylk@free.fr,M
8784,Meridith,Andreone,mandreonelr@webeden.co.uk,F
8788,Cherilynn,Jeavons,cjeavonslv@weebly.com,F
8791,Lisabeth,Mattussevich,lmattussevichly@altervista.org,F
8794,Rebe,Arnott,rarnottm1@flavors.me,F
8797,Alberik,Garnsey,agarnseym4@facebook.com,M
8799,Irma,Coburn,icoburnm6@ca.gov,F
8826,Bryanty,Grelak,bgrelakmx@de.vu,M
8838,Rance,Borleace,rborleacen9@tmall.com,M
8842,Culley,McInally,cmcinallynd@opera.com,M
8844,Federico,Budd,fbuddnf@ucsd.edu,M
8847,Darby,Haily,dhailyni@wikipedia.org,M
8850,Reinald,Bulley,rbulleynl@washingtonpost.com,M
8854,Massimo,Battram,mbattramnp@reverbnation.com,M
8863,Karel,Nutbeem,knutbeemny@geocities.jp,M
8868,Ethelin,Denyagin,edenyagino3@ifeng.com,F
8870,Lethia,Jonson,ljonsono5@whitehouse.gov,F
8882,Ariela,Blaby,ablabyoh@admin.ch,F
8892,Stacy,Morgen,smorgenor@shop-pro.jp,F
8896,Spike,Pitney,spitneyov@stumbleupon.com,M
8898,Donn,Gladwin,dgladwinox@parallels.com,M
8903,Guntar,Deare,gdearep2@drupal.org,M
8918,Terrell,Gerardot,tgerardotph@chron.com,M
8923,Felicdad,Dammarell,fdammarellpm@livejournal.com,F
8929,Kristina,MacCrachen,kmaccrachenps@flickr.com,F
8938,Avigdor,Dedmam,adedmamq1@last.fm,M
8945,Cynthea,Timby,ctimbyq8@earthlink.net,F
8949,Elfreda,Threader,ethreaderqc@army.mil,F
8951,Wendell,Porson,wporsonqe@blogspot.com,M
8966,Renado,Merwood,rmerwoodqt@blinklist.com,M
8971,Yevette,Bernardotte,ybernardotteqy@instagram.com,F
8982,Arlette,Durdle,adurdler9@nature.com,F
9007,Kellie,Adamsen,kadamsen6@reference.com,F
9036,Audie,Haslam,ahaslamz@blogger.com,F
9039,Fayina,Coger,fcoger12@google.fr,F
9065,Keary,Michelin,kmichelin1s@devhub.com,M
9068,Orelia,Oliphard,ooliphard1v@livejournal.com,F
9070,Demetrius,Francillo,dfrancillo1x@uiuc.edu,M
9073,Angelina,Liverseege,aliverseege20@samsung.com,F
9088,Roxine,Dary,rdary2f@github.io,F
9102,Tate,Caplan,tcaplan2t@eventbrite.com,M
9107,Jory,Fehners,jfehners2y@theguardian.com,M
9119,Talyah,Koomar,tkoomar3a@quantcast.com,F
9128,Willie,Roly,wroly3j@facebook.com,F
9132,Willabella,Howley,whowley3n@illinois.edu,F
9133,Chane,Bartell,cbartell3o@jimdo.com,M
9142,Dedra,McGarahan,dmcgarahan3x@shareasale.com,F
9143,Melicent,Wanne,mwanne3y@java.com,F
9147,Michelle,Roswarn,mroswarn42@desdev.cn,F
9157,Tarrance,Rubinsohn,trubinsohn4c@washingtonpost.com,M
9163,Lanie,Lampen,llampen4i@bravesites.com,M
9164,Kendrick,Sowerbutts,ksowerbutts4j@e-recht24.de,M
9175,Darnall,Al Hirsi,dalhirsi4u@cnn.com,M
9180,Lesli,MacKimmie,lmackimmie4z@goo.gl,F
9193,Fanya,Bricket,fbricket5c@aol.com,F
9202,Hettie,Scading,hscading5l@google.com.br,F
9216,Mario,Marshman,mmarshman5z@bluehost.com,M
9220,Alysia,Dyble,adyble63@slate.com,F
9230,Logan,Ballefant,lballefant6d@arizona.edu,M
9234,Chlo,Guiett,cguiett6h@desdev.cn,F
9237,Coral,Bailles,cbailles6k@bing.com,F
9239,Joshia,Larn,jlarn6m@so-net.ne.jp,M
9251,Joelly,Blesing,jblesing6y@amazon.co.jp,F
9252,Rock,Sayle,rsayle6z@cloudflare.com,M
9264,Fabe,McMains,fmcmains7b@last.fm,M
9276,Judie,Kingswoode,jkingswoode7n@facebook.com,F
9307,Blondy,Wyon,bwyon8i@miitbeian.gov.cn,F
9309,Moss,Patient,mpatient8k@webeden.co.uk,M
9314,Ebenezer,Antoney,eantoney8p@hibu.com,M
9327,Lorne,Work,lwork92@lulu.com,F
9333,Iorgo,Dowers,idowers98@nasa.gov,M
9341,Johny,Schechter,jschechter9g@senate.gov,M
9346,Jeremy,Eccersley,jeccersley9l@shinystat.com,M
9349,Pascal,Dilrew,pdilrew9o@phpbb.com,M
9350,Rubin,Koop,rkoop9p@bluehost.com,M
9352,Ebenezer,Jimes,ejimes9r@youtube.com,M
9354,Betteann,Dalloway,bdalloway9t@dyndns.org,F
9363,Bridgette,Rewbottom,brewbottoma2@tinyurl.com,F
9367,Rosmunda,Jerrans,rjerransa6@usa.gov,F
9369,Ingaberg,Buist,ibuista8@techcrunch.com,F
9385,Ernaline,Leggate,eleggateao@icq.com,F
9387,Leland,Mayston,lmaystonaq@xing.com,M
9398,Cami,Golden,cgoldenb1@wufoo.com,F
9401,Debra,Stapford,dstapfordb4@yahoo.co.jp,F
9402,Aldridge,Covotti,acovottib5@answers.com,M
9407,Shea,Theze,sthezeba@amazon.co.uk,F
9410,Early,Biglin,ebiglinbd@independent.co.uk,M
9412,Rickie,Gorler,rgorlerbf@yellowbook.com,M
9435,Carmencita,Umbert,cumbertc2@apple.com,F
9439,Vergil,Vasyatkin,vvasyatkinc6@flavors.me,M
9445,Smith,Domnick,sdomnickcc@army.mil,M
9447,Lee,Ace,lacece@chicagotribune.com,M
9451,Palmer,Crosdill,pcrosdillci@live.com,M
9452,Anthea,Colby,acolbycj@dagondesign.com,F
9457,Nessy,Fullstone,nfullstoneco@reverbnation.com,F
9460,Maryanna,Iskowitz,miskowitzcr@wunderground.com,F
9474,Jonathan,Kilban,jkilband5@usda.gov,M
9481,Harlen,Bamlet,hbamletdc@salon.com,M
9498,Gerry,Sidebotham,gsidebothamdt@about.me,F
9511,Alden,Hailey,ahaileye6@lycos.com,M
9520,Corissa,Wimbush,cwimbushef@technorati.com,F
9521,Goran,McGifford,gmcgiffordeg@rediff.com,M
9525,Ema,Sidery,esideryek@buzzfeed.com,F
9526,Raven,Barrim,rbarrimel@123-reg.co.uk,F
9529,Margery,Abrahmer,mabrahmereo@addthis.com,F
9532,Nikaniki,MacTrustram,nmactrustramer@webnode.com,F
9541,Sheelagh,Mixer,smixerf0@icq.com,F
9559,Salvador,Bazoche,sbazochefi@hc360.com,M
9567,Starr,Dalgarnowch,sdalgarnowchfq@cmu.edu,F
9574,Grantley,Hepher,ghepherfx@craigslist.org,M
9579,Briano,Tison,btisong2@constantcontact.com,M
9588,Ainslee,de Glanville,adeglanvillegb@dell.com,F
9590,Glori,Spybey,gspybeygd@oakley.com,F
9599,Daren,Galle,dgallegm@weebly.com,M
9602,Val,Jann,vjanngp@bloomberg.com,M
9607,Zea,Housegoe,zhousegoegu@deliciousdays.com,F
9619,Far,Harrinson,fharrinsonh6@smugmug.com,M
9625,Gabriellia,Labuschagne,glabuschagnehc@livejournal.com,F
9631,Adena,Pickring,apickringhi@google.com,F
9639,Allyn,Gutman,agutmanhq@ucsd.edu,M
9646,Elva,Shergill,eshergillhx@samsung.com,F
9652,Allene,Urien,aurieni3@dion.ne.jp,F
9660,Joelynn,Hubbard,jhubbardib@typepad.com,F
9672,Olin,Cregan,ocreganin@furl.net,M
9676,Rayna,Huby,rhubyir@cnet.com,F
9677,Caldwell,Bagot,cbagotis@google.co.jp,M
9683,Ambur,Squibbes,asquibbesiy@wisc.edu,F
9695,Lamar,Swadon,lswadonja@sitemeter.com,M
9699,Krystal,Zanni,kzannije@paginegialle.it,F
9712,Leonerd,Sisneros,lsisnerosjr@tiny.cc,M
9718,Devina,Sievewright,dsievewrightjx@mail.ru,F
9724,Orran,Nudds,onuddsk3@ucsd.edu,M
9725,Allister,Polino,apolinok4@histats.com,M
9731,Essa,Heare,eheareka@elpais.com,F
9734,Riccardo,Cadden,rcaddenkd@pen.io,M
9745,Hanson,Buffy,hbuffyko@npr.org,M
9755,Geraldine,Bamsey,gbamseyky@google.pl,F
9760,Jethro,Ruggieri,jruggieril3@wisc.edu,M
9761,Josee,Dawton,jdawtonl4@tinypic.com,F
9762,Dunc,January 1st,djanuarystl5@xing.com,M
9778,Avictor,Kaplin,akaplinll@yellowbook.com,M
9785,Nickolai,Cromarty,ncromartyls@seattletimes.com,M
9788,Cherilynn,Jeavons,cjeavonslv@weebly.com,F
9789,Xylia,Muzzini,xmuzzinilw@columbia.edu,F
9817,Isis,Cawston,icawstonmo@bigcartel.com,F
9825,Booth,Youtead,byouteadmw@mozilla.com,M
9826,Bryanty,Grelak,bgrelakmx@de.vu,M
9842,Culley,McInally,cmcinallynd@opera.com,M
9844,Federico,Budd,fbuddnf@ucsd.edu,M
9854,Massimo,Battram,mbattramnp@reverbnation.com,M
9856,Shayne,Feehily,sfeehilynr@edublogs.org,M
9857,Niven,Bessett,nbessettns@yale.edu,M
9858,Langston,Berndtsson,lberndtssonnt@dmoz.org,M
9859,Onfre,Iacovone,oiacovonenu@last.fm,M
9862,Anjela,Gundry,agundrynx@people.com.cn,F
9867,Gilly,Montier,gmontiero2@mapy.cz,F
9871,Vinnie,Humberstone,vhumberstoneo6@pagesperso-orange.fr,M
9875,Luciano,Bourdis,lbourdisoa@goo.ne.jp,M
9894,Renard,O'Corren,rocorrenot@hibu.com,M
9910,Gifford,Lawlie,glawliep9@soundcloud.com,M
9911,Brien,Milward,bmilwardpa@marketwatch.com,M
9922,Cad,Jollie,cjolliepl@gravatar.com,M
9927,Calvin,Grishechkin,cgrishechkinpq@samsung.com,M
9929,Kristina,MacCrachen,kmaccrachenps@flickr.com,F
9934,Johnathon,Wandrack,jwandrackpx@house.gov,M
9939,Ulric,MacGinney,umacginneyq2@1688.com,M
9948,Averil,Ponsford,aponsfordqb@sfgate.com,F
9954,Rip,Bottrill,rbottrillqh@shinystat.com,M
9962,Ora,Merwede,omerwedeqp@cmu.edu,F
9992,Hagan,Jeannequin,hjeannequinrj@jimdo.com,M
