teacher_id,first_name,last_name,Mobile,gender
1,Janaye,Clifton,9665034624,Female
2,Evvy,Tales,7281044956,Female
3,Garfield,Aaronsohn,5537361636,Male
4,Gun,Farebrother,6078056243,Male
5,Meryl,Wrightem,8866503739,Male
6,Georgette,Esberger,6894547189,Female
7,Elsie,Culmer,9794332108,Female
8,Colleen,Witul,2494259571,Female
9,Nil,Ridulfo,2875017143,Male
10,Latrina,Mattam,9829831134,Female
11,Bran,Bulman,7318030717,Male
12,Doy,Dundendale,2178635551,Male
13,Arnold,Gogay,3181568734,Male
14,Rosana,Lampaert,2891771890,Female
15,Guthry,Garlinge,8346616592,Genderqueer
16,Cariotta,Wilkinson,1742256857,Female
17,Clevie,Karpf,2493385946,Male
18,Mort,Peckett,8671263851,Male
19,Davie,Norwood,4345359044,Male
20,Dierdre,Giacomozzo,8673201226,Female
