id,Name,Address,Drug_Company
1,Ichabod Rumgay,62502 Charing Cross Alley,Premier Value
2,Merell Noe,33000 Sherman Drive,Rebel Distributors Corp
3,Tiphanie Girkin,3 Monica Avenue,Cardinal Health
4,Doria Fellgett,73 Glendale Place,"Physicians Total Care, Inc."
5,Jarrod Burrows,74 Schlimgen Hill,Nupur Formulations Inc
6,Tera Macconachy,45 Delaware Junction,CVS Pharmacy
7,Althea Sprowle,76 Sunfield Drive,Harmon Stores Inc.
8,Skip Monahan,25 Riverside Junction,"Hospira, Inc."
9,Lauren Killen,58 Little Fleur Lane,Parfums Christian Dior
10,Winnifred Swayte,2 Weeping Birch Park,Washington Homeopathic Products
11,Lisle Atkins,4 Nevada Park,Apace Packaging
12,Lise Bogart,39 Veith Place,"Dolgencorp, LLC"
13,Rocky Druitt,9532 Hagan Lane,HOMEOLAB USA INC.
14,Katherina Solman,0 Carey Park,"Physicians Total Care, Inc."
15,Daloris Human,150 Eastwood Plaza,"Nelco Laboratories, Inc."
16,Donall Grouvel,98864 Buell Trail,Procter & Gamble Manufacturing Company
17,Valaria Flisher,5535 Emmet Road,St Marys Medical Park Pharmacy
18,Germain Eyden,2 Acker Road,"Liddell Laboratories, Inc."
19,Henry Aikman,88 4th Parkway,WALGREEN CO.
20,Easter Lemarie,2 Katie Lane,CLINIQUE LABORATORIES INC
21,Jerome Hold,760 Farmco Way,Pharmacia and Upjohn Company
22,Sandye Reihill,04805 Northfield Pass,"Soaptronic, LLC"
23,Edgard Gainsboro,60 Pleasure Crossing,Uriel Pharmacy Inc.
24,Devon Mouton,76 Northland Lane,State of Florida DOH Central Pharmacy
25,Netti Hatzar,69370 Welch Circle,Island Equipment Company
26,Meredithe Pinor,52 Duke Place,"Enzyme Solutions, Inc."
27,Tersina Semerad,21303 Glendale Plaza,"Elizabeth Arden, Inc"
28,Rudolph Mathivet,1 Quincy Center,American Sales Company
29,Collette Folkard,015 Meadow Ridge Road,Procter & Gamble Manufacturing Co.
30,Peyton Bridgland,8 Dapin Plaza,A OX Welding Supply Company Inc.
31,Nerissa Borland,4 Kings Point,"Preferred Pharmaceuticals, Inc"
32,Nikolaos Thor,6550 Eliot Park,"Carver Korea Co.,Ltd"
33,Clarence Soggee,04073 Iowa Circle,"WOONSOCKET PRESCRIPTION CENTER,INCORPORATED"
34,Sheeree Mowle,85 Sommers Street,"SHISEIDO CO., LTD."
35,Effie Jansson,6 Merrick Terrace,Alloy Oxygen & Welding Supply Co. Inc.
36,Winnah Antushev,7 Graceland Circle,Own Products Inc.
37,Douglas Twelftree,4 Independence Crossing,Bryant Ranch Prepack
38,Emlynne Gritland,863 Transport Court,"NSE Products, Inc."
39,Quentin Sertin,049 Thierer Park,Mylan Institutional LLC
40,Sander Godby,10 Continental Circle,"PD-Rx Pharmaceuticals, Inc."
41,Alicea Tugwell,59 Warrior Trail,Hydrox Laboratories
42,Windham Ibotson,19686 Mandrake Lane,"PD-Rx Pharmaceuticals, Inc."
43,Murvyn Rysdale,49407 Victoria Crossing,HyVee Inc
44,Thaxter Splevings,29568 Leroy Avenue,Safeway
45,Blinni Head,24 Vera Junction,Cardinal Health
46,Willetta Sottell,7 Packers Place,Major Pharmaceuticals
47,Janos Rodenhurst,43 Spenser Circle,Cardinal Health
48,Pat Sheffield,97041 Montana Terrace,"Prime Enterprises, Inc."
49,Petronia Fursland,6 Division Place,Major Pharmaceuticals
50,Chad Cleef,58 Michigan Hill,"Breckenridge Pharmaceutical, Inc."
51,Tome Alans,1318 Mifflin Point,Aidarex Pharmaceuticals LLC
52,Neile Rottger,7971 Manufacturers Plaza,"Physicians Total Care, Inc."
53,Eadmund Treffry,9790 Lukken Drive,Mylan Institutional Inc.
54,Darren Vile,2 Village Way,"APP Pharmaceuticals, LLC"
55,Conroy Crowdace,458 Saint Paul Pass,"Dolgencorp, LLC"
56,Hazel Watkiss,5700 Sutherland Pass,Dispensing Solutions Inc.
57,Ekaterina Raselles,926 Dottie Lane,REMEDYREPACK INC.
58,Lodovico Wodeland,87 Bonner Junction,"ALK-Abello, Inc."
59,Andreas Wenham,6847 Sunnyside Place,Cardinal Health
60,Shandy St Pierre,142 Sutherland Court,Rite Aid
61,Justine Alderwick,37274 Forest Dale Alley,Artec Chemical Company Limited
62,Willis Stourton,3660 Nancy Park,"Nelco Laboratories, Inc."
63,Arabelle Spofforth,27085 Luster Junction,"Hospira, Inc."
64,Baxie BURWIN,6 Browning Lane,SUPERVALU INC.
65,Giusto Sidebotham,2 Norway Maple Road,"PD-Rx Pharmaceuticals, Inc."
66,Melba Chese,98203 Ilene Point,WALGREENS
67,Walsh Truin,7 Jackson Avenue,Unit Dose Services
68,Goldie Calendar,771 Talmadge Circle,Hollister-Stier Laboratories LLC
69,Yolanda Doak,77611 Karstens Way,Oak Hill Health Company
70,Adina Kennerknecht,198 Loftsgordon Place,"SHISEIDO CO., LTD."
71,Hildagard Ryder,87 Hagan Parkway,Barr Laboratories Inc.
72,Cinnamon Killwick,79291 Bartelt Circle,"Aire-Master of America, Inc"
73,Sonnnie Matijasevic,60405 Ilene Terrace,Qualitest Pharmaceuticals
74,Kristel Chritchley,86 Welch Court,Medicine Shoppe International Inc
75,Gabi Goldup,387 Eastwood Drive,Natural Health Supply
76,Rory Knowlys,46262 Briar Crest Street,"H.J. Harkins Company, Inc."
77,Fred Coventon,5 Farmco Plaza,Par Pharmaceutical Inc
78,Kimbell Caygill,06 Hoffman Pass,ETUDE HOUSE
79,Dory Highwood,76750 Mallory Point,"GREENBRIER INTERNATIONAL, INC."
80,Bay Wittman,13282 Milwaukee Alley,Macleods Pharmaceuticals Limited
81,Tobiah McPaike,83429 Mayfield Point,Pro Sun Products
82,Loralyn Rusk,956 Dahle Trail,American Sales Company
83,Kylie Stockle,456 Independence Crossing,WALGREEN CO.
84,Cam Mackro,133 Ryan Circle,Apotheca Inc
85,Fidole Bergeau,653 Delaware Crossing,Health and Harmony Products
86,Martica Brimman,02796 Montana Alley,Rubbermaid Commercial Products LLC
87,Lorenza Earey,141 Stephen Junction,Unit Dose Services
88,Rupert Nystrom,40496 Hoffman Point,"Sun & Skin Care Research, LLC"
89,Elinore Genner,0364 School Hill,STAT RX USA LLC
90,Tandie Baillie,303 4th Park,"21st Century Homeopathics, Inc"
91,Randy Smythe,24 Reindahl Trail,Kosan Kozmetik Sanayi ve Ticaret A.S.
92,Minnnie Shorthill,6120 Boyd Hill,Insight Pharmaceuticals
93,Rayna Dach,91590 Hudson Lane,Teva Pharmaceuticals USA Inc
94,Gregory Skirvin,5818 Schlimgen Avenue,Parke-Davis Div of Pfizer Inc
95,Nonna Van der Kruys,67924 Cardinal Terrace,REMEDYREPACK INC.
96,Marmaduke Asquith,25526 Melvin Way,Amar Remedies Limited
97,Barton Laugherane,2480 Novick Street,Jafra Cosmetics International Inc
98,Philippa Gladtbach,296 Crownhardt Plaza,HOMEOLAB USA INC.
99,Pasquale Mourant,2614 Lyons Pass,"Newton Laboratories, Inc."
100,Monica Gammons,72 Pearson Terrace,"Janssen Pharmaceuticals, Inc."
101,Olva Bryers,59361 Glacier Hill Pass,"Cypress Pharmaceuticals, Inc."
102,Meagan MacCracken,63583 Parkside Avenue,Cardinal Health
103,Roobbie Antunez,4 Crest Line Drive,Apotex Corp.
104,Vinny Gascar,2 Spohn Alley,"Eon Labs, Inc."
105,Thorstein Simek,973 Riverside Drive,"Nelco Laboratories, Inc."
106,Odele Iacobo,46125 Spaight Street,Accord Healthcare Inc
107,Hedvige Deinhard,0048 Luster Crossing,HyVee Inc
108,Pembroke Caine,03969 Lotheville Crossing,Target Corporation
109,Averil Cases,860 Del Sol Hill,"Par Pharmaceutical, Inc."
110,Gretta Lasty,07 Helena Avenue,"Xanodyne Pharmaceuticals, Inc."
111,Wainwright Normanell,91 Elmside Alley,Meda Pharmaceuticals Inc.
112,Neely Peerman,1613 Sherman Junction,Pronova Corporation
113,Tiffani Stile,1 Caliangt Junction,CVS Pharmacy
114,Arlyn Fawley,57755 Mitchell Drive,Cardinal Health
115,Jethro Rickardsson,176 Moose Avenue,American Sales Company
116,Monique Pietron,71 Miller Parkway,Aidarex Pharmaceuticals LLC
117,Brandy Beadles,8408 Bunting Point,"Western Family Foods, Inc"
118,Isa Bedbrough,92848 Bobwhite Terrace,HOMEOLAB USA INC.
119,Tiler Stubbs,58 Delladonna Street,"ALK-Abello, Inc."
120,Effie Hamman,6 Haas Street,Procter and Gamble Manufacturing Company
121,Essa Padmore,17 Morrow Court,Cadila Pharmaceuticals Limited
122,Mal Wernher,97772 Maywood Court,"Par Pharmaceutical, Inc."
123,Yancy Maciejak,5 Huxley Pass,REMEDYREPACK INC.
124,Jan Pember,8684 Mitchell Pass,Mangiacotti Floral LLC
125,Lyn Bruneton,1985 Amoth Plaza,sanofi-aventis U.S. LLC
126,Margret O'Noulane,90 Butterfield Center,3M Health Care
127,Linnet Roalfe,6706 Claremont Plaza,"Antigen Laboratories, Inc."
128,Collette Georges,8 David Point,Piramal Critical Care Inc
129,Skylar Coultass,842 Eagle Crest Court,Apotheca Company
130,Sadye Mawditt,83759 Pierstorff Crossing,"Babor Cosmetics America, Corp."
131,Maurice Enrico,413 Haas Hill,"Physicians Total Care, Inc."
132,Tina Quinnelly,28988 Hovde Lane,"Volume Distributors, Inc."
133,Fonsie Revington,58232 Orin Terrace,Direct Rx
134,Tracie todor,13161 International Plaza,"Babor Cosmetics America, Corp"
135,Dulcine Schimank,80406 Eagle Crest Terrace,"JF Labs, Inc."
136,Gussie Tippings,6079 Sycamore Parkway,H E B
137,Nonah Slyme,9106 Gateway Trail,"Nelco Laboratories, Inc."
138,Gustie Shah,4942 Amoth Parkway,KAISER FOUNDATION HOSPITALS
139,Auberta Sharpley,88967 Waxwing Pass,"Bare Escentuals Beauty, Inc."
140,Nelson Sirmond,1602 Anthes Way,Natural Health Supply
141,Sasha Thinn,6 Jana Pass,Rejoice International
142,Ashlin Truin,5 Schurz Street,JayMac Pharmaceuticals
143,Kameko Beddin,667 Bashford Avenue,Apotheca Company
144,Carleen Lincke,0497 8th Circle,Health Mart
145,Benjy Oherlihy,6 Steensland Crossing,Merck Sharp & Dohme Corp.
146,Erinna Mackneis,5311 Merchant Hill,"NINGBO JIANGBEI OCEAN STAR TRADING CO.,LTD"
147,Derrek Sergeaunt,20249 Victoria Way,Cardinal Health
148,Garwood Twaite,06 Becker Terrace,"The Hain Celestial Group, Inc."
149,Basile Chancelier,472 Lakeland Hill,Apotheca Company
150,Jorge Dabinett,30950 Meadow Valley Road,"Actavis Pharma, Inc."
151,Karissa Goricke,0248 Arizona Plaza,"Nelco Laboratories, Inc."
152,Rasia Dunbavin,2683 John Wall Plaza,Sandoz Inc
153,Lanae Corselles,5701 Dakota Place,State of Florida DOH Central Pharmacy
154,Hansiain Draisey,2 Surrey Circle,"CorePharma, LLC"
155,Laura Bisp,624 Kings Place,"KC Pharmaceuticals, Inc."
156,Thorstein Massenhove,5 Pine View Drive,REMEDYREPACK INC.
157,Muriel Astill,05 Starling Plaza,"AvKARE, Inc."
158,Andie Quarlis,7394 Schmedeman Lane,Indiana Botanic Gardens
159,Eduardo Inman,52888 Commercial Parkway,Amerisource Bergen
160,Tiphani Derell,2 Hansons Street,Reckitt Benckiser LLC
161,Mab Matkovic,8370 Thierer Pass,Mylan Pharmaceuticals Inc.
162,Pieter Gabbetis,97 Talisman Street,REMEDYREPACK INC.
163,Raye Morville,48 Division Center,Topco Associates LLC
164,Etienne Bowbrick,79 High Crossing Street,CVS PHARMACY
165,Judie Nerne,82613 Randy Crossing,Rebel Distributors Corp
166,Rolland Wickes,06775 Hoard Terrace,Barr Laboratories Inc.
167,Phillipp Verne,9462 Prairie Rose Drive,"Accra-Pac, Inc."
168,Miguela McGillivrie,1015 Gateway Lane,Topco Associates LLC
169,Ilka Jefferies,193 Atwood Terrace,Ranbaxy Pharmaceuticals Inc.
170,Megan Crichmer,79336 Carpenter Road,Greenstone LLC
171,Ali Smullen,2 Mockingbird Lane,"Nelco Laboratories, Inc."
172,Willy Quirke,60 Huxley Circle,Jubilant HollisterStier LLC
173,Maddie Dimitru,62 School Alley,Genuine Virgin Aloe Corporation
174,Beverly Lushey,78320 Union Court,Natures Way Holding Co.
175,Van Franzoli,42462 Little Fleur Avenue,REMEDY MAKERS
176,Cleavland Crowdson,39027 John Wall Crossing,Healingsmith Institute Inc.
177,Lisbeth Roches,2766 Sycamore Park,"NCS HealthCare of KY, Inc dba Vangard Labs"
178,Allard Reboul,4611 Michigan Park,"Glenmark Generics Inc., USA"
179,Debbi Schruyer,1 Porter Circle,SHISEIDO AMERICA INC.
180,Norris Whaymand,7 Reindahl Hill,REMEDYREPACK INC.
181,Emmye Kilbourn,185 Manufacturers Center,Feelgood Health
182,Martica Torfin,7 Schlimgen Hill,"Deseret Biologicals, Inc."
183,Philbert Krzysztof,88316 Schlimgen Pass,Dynarex Corporation
184,Katie Tebald,20 Merchant Pass,Accord Healthcare Inc.
185,Wilmette Maccree,50754 Northfield Terrace,WATER-JEL TECHNOLOGIES
186,Brennan Matusson,2 Arapahoe Center,Access Business Group LLC
187,Selina Phythien,962 Sullivan Court,CLINIQUE LABORATORIES INC.
188,Dal Braundt,58 Farragut Pass,"Golden State Medical Supply, Inc."
189,Esma Burfield,564 Basil Court,"New GPC, Inc."
190,Duky Le Cornu,20778 Corben Way,Gambro Renal Products
191,Albertine Kiffe,479 Shoshone Circle,"Aphena Pharma Solutions - Tennessee, LLC"
192,Taddeusz Klesel,70 Sachs Avenue,L Perrigo Company
193,Rebecca Mercy,0495 Monterey Center,THE KROGER CO
194,Alexi Bernolet,28 Burning Wood Point,"Aptalis Pharma US, Inc."
195,Hakim Serfati,19954 Muir Place,"Physicians Total Care, Inc."
196,Margaux Veevers,8396 Hanson Crossing,AMERICAN BEAUTY COSMETICS
197,Ros Willingham,87428 Melvin Way,HEB
198,Lora Wurz,5571 Briar Crest Street,Sanum Kehlbeck GmbH & Co. KG
199,Emilio Sciacovelli,31952 Commercial Alley,Rebel Distributors Corp
200,Alvie Creus,0270 Stone Corner Place,American Health Packaging
201,Fredi Fennessy,16631 Ridgeway Point,HyVee Inc
202,Dasya Kinder,5 Service Lane,Neutrogena Corporation
203,Mindy Kleanthous,0343 Vera Junction,"Golden State Medical Supply, Inc."
204,Skyler Hardeman,595 Mayfield Circle,"Paddock Laboratories, LLC"
205,Stanislas Peres,62299 Russell Avenue,Ecolab Inc.
206,Monro Gavozzi,14 Manley Circle,J. A. Cosmetics U.S. INC
207,Dilan Delue,5 Shasta Center,A-S Medication Solutions LLC
208,Aimee Ramsbotham,88528 Superior Way,Western Family Foods Inc
209,Gisela Woodger,5 Mitchell Street,RedPharm Drug Inc.
210,Herb Medina,0404 Mccormick Avenue,"Antigen Laboratories, Inc."
211,Jen Slowey,958 Carioca Parkway,Northwind Pharmaceuticals
212,Ernestine Praundl,28190 Park Meadow Alley,Ranbaxy Pharmaceuticals Inc.
213,Langsdon Raisher,73430 Homewood Circle,Cardinal Health
214,Jacintha Kelwaybamber,165 Atwood Drive,"Nelco Laboratories, Inc."
215,Francisco Tansill,330 Scoville Avenue,Cardinal Health
216,Ysabel Eastlake,9 Bayside Terrace,Ranbaxy Pharmaceuticals Inc
217,Germana Ratcliffe,5 Lawn Court,Five Below
218,Obadias O'Roan,0380 Marcy Place,"Physicians Total Care, Inc."
219,Torrence Wissby,80058 Packers Park,DZA Brands LLC
220,Jed Pinshon,2 Del Sol Circle,Aidarex Pharmaceuticals LLC
221,Craggy Canacott,2 Hollow Ridge Lane,"Georgetown Health, LLC DBA EssentiaLife"
222,Rickard MacCracken,561 Onsgard Terrace,"Fresenius Kabi USA, LLC"
223,Toddy Byrkmyr,31772 Division Lane,Safeway
224,Anitra Mayhow,380 Beilfuss Pass,King Bio Inc.
225,Inna Finnis,42 Butternut Pass,"Pac-Dent International, Inc."
226,Atalanta Sawdon,54 Brown Street,"Glenmark Generics Inc., USA"
227,Gussie Hainge,7037 Mayer Court,"Shine & Pretty (USA), Corp."
228,Mitchael Cayette,67093 Milwaukee Way,Unifirst First Aid Corporation
229,Balduin Arnott,0295 Menomonie Trail,Lake Erie Medical & Surgical Supply DBA Quality Care Products LLC
230,Eva Brill,247 Jenifer Center,REMEDYREPACK INC.
231,Wynn Tripony,750 Esch Parkway,"Golden State Medical Supply, Inc."
232,Homerus Cready,19 Basil Place,Zydus Pharmaceuticals USA Inc
233,Kile Manssuer,65 Esker Way,"Nelco Laboratories, Inc."
234,Hillyer Readshall,6 Hazelcrest Way,Barr Laboratories Inc.
235,Trixy Will,535 Kingsford Avenue,Sandoz Inc
236,Stephana Sagg,929 Golf Course Avenue,"Astellas Pharma US, Inc."
237,Rahal Moverley,243 Hallows Parkway,"Nelco Laboratories, Inc."
238,Leon Gaber,26 Waywood Road,"International Medication Systems, Limited"
239,Starlin Roskruge,873 Starling Circle,Rij Pharmaceutical Corporation
240,Melanie Serjeantson,03524 Lawn Crossing,CVS Pharmacy
241,Ber Charlot,198 Gerald Point,"Antigen Laboratories, Inc."
242,Maybelle Doul,8 Morning Terrace,American Red Cross
243,Beck Eastman,31235 Lindbergh Terrace,RxPak Division of McKesson Corporation
244,Bronny O' Kelleher,7889 Shasta Hill,"ENERGIZER PERSONAL CARE, LLC"
245,Cherrita Greenshiels,46 Pine View Place,REMEDYREPACK INC.
246,Lanie Theis,32785 Haas Circle,"APP Pharmaceuticals, LLC"
247,Andrea Mandal,4 Northwestern Road,"DOLGENCORP, LLC"
248,Dion Maddocks,50 Anzinger Place,AnazaoHealth Corporation
249,Arni Hearsey,310 John Wall Hill,Actavis Inc.
250,Silvanus Leftly,2976 Lukken Avenue,Wockhardt Limited
251,Farrell Banthorpe,6850 Washington Pass,STAT Rx USA LLC
252,Jodie Lankford,1 La Follette Avenue,Bryant Ranch Prepack
253,Hilliary Collelton,03907 Florence Terrace,King Bio Inc.
254,Adore Emburey,92100 Hovde Way,"Premier Value (Chain Drug Consortium, LLC)"
255,Gene Dafforne,94 Forest Road,Unique Holding Group Inc
256,Cherise Ivery,38 Emmet Center,Ranbaxy Pharmaceuticals Inc.
257,Elsy Shervington,49 Stang Avenue,Walgreen Company
258,Dillon Larchiere,3861 Texas Parkway,AnuMed International LLC
259,Shaw Dougliss,56 Trailsway Point,"Teva Women's Health, Inc."
260,Pierson Ravenscraft,418 Forest Dale Center,Best Choice (Valu Merchandisers Company)
261,Maximilian Abramchik,6178 Holy Cross Plaza,"PD-Rx Pharmaceuticals, Inc."
262,Katha Very,566 Monterey Court,Cardinal Health
263,Theodora Crann,494 Pierstorff Crossing,Cardinal Health
264,Milissent Laughlin,6216 Granby Avenue,Meijer Distribution Inc
265,Jacinda Dakers,79663 Bunker Hill Trail,Sandoz Inc
266,Janela Klimsch,7658 Northwestern Court,"Physicians Total Care, Inc."
267,Katrine Manders,1789 Esker Hill,"Accra-Pac, Inc."
268,Bellanca Deluca,9378 Prairie Rose Hill,China Ningbo Shangge Cosmetic Technology Corp
269,Jedd Ponten,35556 Meadow Valley Way,Walgreen Company
270,Brett McClenan,329 Sheridan Alley,Global Pharmaceuticals
271,Laverne Ripsher,91 Crest Line Lane,THE KROGER CO
272,Skippy Giraudot,6197 Summerview Park,"Watson Pharma, Inc."
273,Hayes Dudney,29975 Comanche Court,"Dolgencorp, LLC"
274,Jarvis Melsome,18 Luster Way,A-S Medication Solutions LLC
275,Aubrette Danzelman,444 Division Alley,"SJ Creations, Inc."
276,Kendall Faier,0063 Blue Bill Park Parkway,DRNATURALHEALING
277,Renate Masser,40828 Bunting Point,"Allergy Laboratories, Inc."
278,Erin Tipens,2 Dennis Avenue,Wockhardt Limited
279,Christophe Reast,4 Maywood Road,Amneal Pharmaceuticals
280,Paulette Czadla,90 Manley Junction,THE KROGER CO
281,Tobiah Records,7690 Haas Terrace,Lake Erie Medical DBA Quality Care Products LLC
282,Bethany Mariot,46 Swallow Circle,American Sales Company
283,Rustie Lambirth,531 Marcy Terrace,SHISEIDO AMERICAS CORPORATION
284,Amye Witz,86 Sauthoff Point,"Watson Laboratories, Inc."
285,Dorey Younghusband,78 Fulton Alley,"Roberts Oxygen Company, Inc."
286,Niki Sneddon,2948 Butternut Center,KAISER FOUNDATION HOSPITALS
287,Durante Frankish,87 Commercial Drive,Sanum Kehlbeck GmbH & Co. KG
288,Putnam Derricoat,6058 Ryan Terrace,"CorePharma, LLC"
289,Miguel Caws,16 Hintze Avenue,"Roxane Laboratories, Inc."
290,Husein Speddin,442 Northwestern Avenue,Macleods Pharmaceuticals Limited
291,Roi Athowe,7 Manley Alley,Delon Laboratories (1990) Ltd
292,Husain O'Neal,5897 Petterle Park,Qualitest Pharmaceuticals
293,Kailey Skeermer,70916 Badeau Drive,Lake Erie Medical & Surgical Supply DBA Quality Care Products LLC
294,Clemmie O'Feeney,853 Rieder Hill,Elli Est
295,Pyotr Sushams,26456 John Wall Hill,"Johnson & Johnson Consumer Products Company, Division of Johnson & Johnson Consumer Companies, Inc."
296,Giovanna Foli,46020 Crescent Oaks Street,Parfums Christian Dior
297,Jessie Kingston,49 Dapin Hill,Genta Incorporated
298,Emmery MacArdle,520 Erie Alley,Lake Erie Medical DBA Quality Care Products LLC
299,Yancy Firpo,1348 Gerald Point,Meijer Distribution Inc
300,Katherina Paul,79 Hintze Road,Conopco Inc. d/b/a Unilever
301,Wake Croome,28 Alpine Alley,"Hospira, Inc."
302,Shelli Missington,875 Forest Park,Zydus Pharmaceuticals (USA) Inc.
303,Anselma Tunnicliffe,20285 Pawling Point,UNITED EXCHANGE CORP.
304,Giffer Tuting,01 Lunder Point,"Physicians Total Care, Inc."
305,Teodora Viney,01 Larry Crossing,"NSE Products, Inc."
306,Dusty Wraggs,01 Shasta Park,WOCKHARDT USA LLC.
307,Amelia Canavan,262 Golf View Hill,Qualitest Pharmaceuticals
308,Aldrich Janny,60 Oxford Plaza,AbbVie Inc.
309,Aloisia Kilfeder,9546 Boyd Crossing,Mylan Pharmaceuticals Inc.
310,Aurel McChesney,4 Hanover Parkway,"Nelco Laboratories, Inc."
311,Courtnay Stambridge,40181 Russell Circle,Mylan Pharmaceuticals Inc.
312,Janenna Lympany,63826 Sunnyside Court,"Caraco Pharmaceutical Laboratories, Ltd."
313,Babb Proschek,46 Grim Way,Blaine Labs Inc.
314,Alikee Edlin,3 Little Fleur Drive,Prometheus Laboratories Inc.
315,Xavier Kefford,17 Nobel Court,"Hi-Tech Pharmacal Co., Inc."
316,Kettie Huffadine,3007 Fordem Street,REMEDYREPACK INC.
317,Jerrilee Richardson,687 Oak Valley Way,Neutrogena Corporation
318,Ardenia Thring,25204 Knutson Alley,"Nelco Laboratories, Inc."
319,Arther Rawet,23 Jenna Avenue,Aurobindo Pharma Limited
320,Nikoletta Linturn,35570 East Road,"H.J. Harkins Company, Inc."
321,Berkly Dunnet,14873 Jay Way,Sandoz Inc
322,Terrance Carlone,3559 Dapin Point,Nephron Pharmaceuticals Corporation
323,Birdie Goodrich,266 Monument Park,"Energique, Inc."
324,Alphonse Drew,0192 Washington Avenue,Good Neighbor Pharmacy
325,Maggi Munnery,1 Iowa Park,Personal Care Products
326,Tedi Gaynes,782 Loftsgordon Road,Zydus Pharmaceuticals (USA) Inc.
327,Ludovico Beaston,6 Maryland Circle,CVS PHARMACY
328,Happy Hebburn,8629 Superior Lane,REMEDYREPACK INC.
329,Sadye Gabbat,88776 Monica Street,Unit Dose Services
330,Zerk Jakubovitch,7839 Blue Bill Park Avenue,Universal Distribution Center LLC
331,Cristina Dannohl,8 Banding Crossing,"International Wholesale, Inc."
332,Susannah Buckberry,07 Jenifer Road,"WestAir Gases & Equipment, Inc."
333,Corina O'Heffernan,352 Claremont Center,SHISEIDO AMERICAS CORPORATION
334,Franky Jeandel,12 Pierstorff Circle,STAT Rx USA LLC
335,Taddeusz Guyonneau,040 Forster Drive,"Taro Pharmaceuticals U.S.A., Inc."
336,Levon Fairall,9 Harbort Lane,Cardinal Health
337,Dawn Duncombe,32946 Fulton Alley,"Warner Chilcott (US), LLC"
338,Madelene Cavaney,1834 Linden Lane,"Idelle Labs, Ltd"
339,Ettore Venard,15895 Rigney Court,Apotex Corp
340,Alexandro Ernshaw,2 Little Fleur Trail,Qualitest Pharmaceuticals
341,Mahmud Leeder,3269 Mockingbird Junction,State of Florida DOH Central Pharmacy
342,Broddy McShee,88223 Bluestem Alley,"GRIFOLS USA, LLC"
343,Helsa Wallentin,8287 Lindbergh Street,"JUBILANT CADISTA PHARMACEUTICALS, INC."
344,Monika Carff,2720 Gale Road,Guerlain S.A.
345,Bird Itschakov,3 Ludington Hill,Major Pharmaceuticals
346,Evie Brand-Hardy,271 American Ash Lane,"Impax Laboratories, Inc."
347,Lia Lashmar,5187 Scoville Pass,REMEDYREPACK INC.
348,Catherine Muttitt,06925 Shasta Lane,Kamins Dermatologics Inc.
349,Giana Cathrall,16977 Shopko Plaza,B. Braun Medical Inc.
350,Baryram Conibear,4814 Pond Crossing,Precision Dose Inc.
351,Cissiee Mineghelli,952 Lake View Court,"BioActive Nutritional, Inc."
352,Honoria Enevold,35 Vernon Terrace,"BayCare Home Care, Inc."
353,Derrick Matthieson,95 Sloan Parkway,Mission Hills S.A de C.V
354,Camel Gwyer,62543 Jenifer Circle,"SJ Creations, Inc."
355,Alie Murrey,667 Mayfield Center,Cardinal Health
356,Cozmo Mountstephen,63058 Killdeer Trail,Laboratoires Clarins S.A.
357,Livvy Aplin,65599 Sheridan Trail,Rebel Distributors Corp
358,Adelheid Singyard,410 Bartelt Pass,Agile Pharmachem
359,Tandie Westwick,162 Thackeray Avenue,"ALK-Abello, Inc."
360,Tirrell McLane,87578 Hansons Avenue,"Go Smile, Inc."
361,Luis Gwilliams,39 Luster Avenue,Perrigo New York Inc
362,Sheilah Heddon,80 Thackeray Plaza,Major Pharmaceuticals
363,Catie Fehner,28 Crest Line Place,Dynarex Corporation
364,Nicki Coleborn,09 Pennsylvania Lane,Greenstone LLC
365,Neely Hodgin,72 Killdeer Center,Rebel Distributors Corp
366,Ewell Schimpke,4340 Mitchell Parkway,Jafra Cosmetics International Inc
367,Gallagher Gonthier,4 Arapahoe Court,Uriel Pharmacy Inc.
368,Christabella Dean,5 Forest Dale Alley,"Doori Cosmetics Co., Ltd"
369,Parsifal Simonnin,4 Alpine Pass,"Physicians Total Care, Inc."
370,Marilee Darleston,6 Basil Point,"Preferred Pharmaceuticals, Inc"
371,Arie Costan,678 Garrison Drive,"Gemini Pharmaceuticals, Inc. dba Plus Pharma"
372,Goldi Durrell,8 Cambridge Lane,West-ward Pharmaceutical Corp
373,Roxi Sotham,3 Merry Parkway,REMEDYREPACK INC.
374,Doe Championnet,29 Merry Pass,"Allergan, Inc."
375,Morley Pimley,557 Continental Center,ReadyMeds
376,Doyle McLese,0 Melrose Court,Merck Sharp & Dohme Corp.
377,Howie Rusling,9 Roxbury Hill,Cadila Healthcare Limited
378,Mariann Comport,3 Northfield Road,"Melaleuca, Inc"
379,Annadiane Orum,3 Helena Alley,"Western Family Foods, Inc."
380,Meredith Wale,3 Starling Point,Mylan Pharmaceuticals Inc.
381,Gilli Bough,2674 Corben Terrace,Aurobindo Pharma Limited
382,Kora Whetnell,4 Meadow Valley Point,"Antigen Laboratories, Inc."
383,Adrianne Faughey,2382 Pond Street,"Preferred Pharmaceuticals, Inc"
384,Bruno Worstall,70938 Fulton Plaza,SHANGHAI SONGHUA PHARMACEUTICAL CO LTD
385,Gail Whipp,4701 Jenna Hill,Rebel Distributors Corp
386,Killy Goutcher,784 Sherman Junction,Uriel Pharmacy Inc.
387,Paquito Housby,67 Kensington Hill,Medicine Shoppe International Inc
388,Griswold Chadbourn,27786 Lakewood Lane,"OMP, INC."
389,Ann-marie Nichol,96075 Waubesa Drive,MAKEUP ART COSMETICS
390,Kayla Agent,58056 Cascade Drive,Procter & Gamble Manufacturing Company
391,Paulie Skace,6837 Susan Plaza,Bryant Ranch Prepack
392,Scotti Lambotin,37 Lakeland Alley,"Good Sense (Geiss, Destin & Dunn, Inc.)"
393,Odelinda Addlestone,237 Green Avenue,"E.R. Squibb & Sons, L.L.C."
394,Sayer Stollen,1225 Prairieview Hill,Topco Associates LLC
395,Timofei Amps,3035 Springview Drive,Yuen Method
396,Kipper Whitely,90749 Farwell Drive,Pfizer Laboratories Div Pfizer Inc
397,Elias Heningham,9952 Mariners Cove Junction,Neutrogena Corporation
398,Helli Penhaligon,16 Bobwhite Trail,"PD-Rx Pharmaceuticals, Inc."
399,Bernelle Kirsz,56326 Logan Lane,"Nelco Laboratories, Inc."
400,Eydie Gavaghan,33 Granby Drive,"Alvogen, Inc."
401,Kathryne Vaan,3 Reindahl Street,Mylan Institutional Inc.
402,Jedidiah Whitlow,3164 Eastlawn Circle,Novartis Pharmaceuticals Corporation
403,Constantine Jeromson,1 Chive Center,Haw Par Healthcare Ltd.
404,Noby Peter,168 Oriole Alley,CVS Pharmacy
405,Ariadne Ferier,92 Stuart Circle,REMEDYREPACK INC.
406,Ingelbert Bumphrey,0331 Grasskamp Way,"International Labs, Inc."
407,Beverlie Belding,99768 Linden Center,"Camber Pharmaceuticals, Inc."
408,Bucky Edsall,406 Pine View Place,Citron Pharma LLC
409,Amalea Brash,05 Nelson Road,AMERICAN SALES COMPANY
410,Isabeau Spindler,93220 Fieldstone Pass,"Hi-Tech Pharmacal Co., Inc."
411,Corene Fadden,623 Bunting Circle,Publix Super Markets Inc
412,Mae Millis,464 Glacier Hill Avenue,Uriel Pharmacy Inc.
413,Smith Tapton,072 Talisman Terrace,REMEDYREPACK INC.
414,Lucas Clougher,59502 Namekagon Place,Select Brand Dist.
415,Griz Rowley,5 Dottie Street,"Hospira, Inc."
416,Chauncey Golt,43 Loomis Crossing,McKesson
417,Sanford Vigus,10 Green Ridge Road,Cardinal Health
418,Waldo Colles,88 Shasta Circle,"IVAX Pharmaceuticals, Inc."
419,Merl Brake,0167 Union Junction,"Teva Parenteral Medicines, Inc."
420,Inger Waleworke,01 Vermont Way,"Nelco Laboratories, Inc."
421,Bondie Corneliussen,80 Forest Dale Lane,Organon USA Inc.
422,Cecily McCumskay,4667 Lotheville Center,THE KROGER CO
423,Gus Tolan,659 Warbler Plaza,Mylan Pharmaceuticals Inc.
424,Dosi Binner,536 Bobwhite Point,"H.J. Harkins Company, Inc."
425,Sada Hunnisett,3693 Gerald Crossing,Natural Health Supply
426,Rose Grayson,35 Homewood Way,"NATURE REPUBLIC CO., LTD."
427,Alexio Veevers,662 Golf View Center,"Akorn, Inc."
428,Lin Zavattero,0619 Old Shore Court,REMEDYREPACK INC.
429,Kathy Tayloe,92652 Hazelcrest Pass,"Roxane Laboratories, Inc"
430,Obidiah Kacheler,69 Ryan Junction,"Nelco Laboratories, Inc."
431,Letta Fadell,16 Eggendart Junction,"Gurwitch Products, LLC"
432,Deedee Reinhard,36025 Brown Lane,"Vista Pharmaceuticals, Inc."
433,Valeda Brittoner,486 Scoville Drive,"AMI Cosmetic Co.,Ltd."
434,Michaela Pluvier,70 Stuart Alley,"Greenbrier International, Inc."
435,Griz Bushel,09105 Meadow Valley Plaza,"APP Pharmaceuticals, LLC"
436,Carie Bartoszek,31456 Bluestem Court,Target Corporation
437,Berrie Martynka,60682 Iowa Terrace,Ventura Corporation LTD.
438,Mose Jurczyk,14839 Reindahl Circle,"Aphena Pharma Solutions - Tennessee, LLC"
439,Shelton Dorsett,47143 Maryland Lane,Lake Erie Medical DBA Quality Care Products LLC
440,Aloysia Goscomb,0 Mifflin Hill,"Physicians Total Care, Inc."
441,Tiffy Dorsett,65 Gateway Trail,"Aphena Pharma Solutions - Tennessee, LLC"
442,Torie Boone,57408 Maple Wood Junction,Dolgencorp LLC
443,Darell Champ,94 Trailsway Court,Cardinal Health
444,Gonzalo Herrema,4 Crowley Way,Lake Erie Medical DBA Quality Care Products LLC
445,Leesa Faveryear,40 Iowa Plaza,REMEDYREPACK INC.
446,Obadias Farn,2 Acker Plaza,Ventura Corporation LTD
447,Inigo Wrigglesworth,7922 Columbus Road,Washington Homeopathic Products
448,Lennard Goodricke,1 Warrior Point,"Qualitest Pharmaceutical, Inc."
449,Tito Jellings,306 Badeau Point,Aidarex Pharmaceuticals LLC
450,Nola Ference,7401 Spohn Plaza,Aidarex Pharmaceuticals LLC
451,Elysha Rickaby,75352 Declaration Point,Natural Health Supply
452,Celeste Carle,7044 Independence Court,Blacksmith Brands Inc.
453,Christabella Conford,18246 Ridgeview Center,American Health Packaging
454,Grace McPhaden,478 Eastlawn Trail,"PSS World Medical, Inc."
455,Barbra Coultous,0900 Iowa Park,Conopco Inc. d/b/a Unilever
456,Lexy Spens,78 Sloan Park,Gil Pharmaceutical Corp
457,Carrie Iglesia,34866 Bluestem Pass,"Genuine First Aid, LLC"
458,Godfree Gamblin,73 Ridgeway Drive,"Nelco Laboratories, Inc."
459,Beauregard Stansall,05835 Eggendart Terrace,Mylan Institutional Inc.
460,Hedda Royans,16746 Shelley Park,Procter & Gamble Manufacturing Company
461,Patrizia Biggins,2 Eagan Parkway,Ventura Corporation LTD
462,Onofredo McGeraghty,23 Old Gate Parkway,Walgreens
463,Bunnie Furse,61072 Sloan Alley,"GREAT LAKES WHOLESALE, MARKETING, & SALES, INC."
464,Ximenez Adey,16 Artisan Avenue,SHISEIDO AMERICA INC.
465,Shani Slaight,9 Scoville Avenue,"Allergy Laboratories, Inc."
466,Maitilde Tremonte,3 Memorial Road,REMEDYREPACK INC.
467,Rosanna Titterrell,055 Rieder Park,H2O Plus
468,Ferdie Ollerhad,31303 Ramsey Park,"Dispensing Solutions, Inc."
469,Pennie Deary,196 Valley Edge Terrace,Sandoz Inc
470,Saunder Martt,4 Laurel Terrace,American Sales Company
471,Georgianne Cheney,27538 Glacier Hill Alley,Lake Erie Medical DBA Quality Care Products LLC
472,Channa Vowels,028 Bayside Drive,"Nelco Laboratories, Inc."
473,Larine Thow,1 Thackeray Court,Uriel Pharmacy Inc
474,Nessy Benbrick,1929 Texas Point,"Coastal Med Tech, Inc."
475,Patrice Reide,456 Veith Hill,REMEDYREPACK INC.
476,Zuzana Tompkiss,1599 Welch Center,Kinray Inc
477,Bale Kinlock,935 Raven Park,STAT RX USA LLC
478,Livy Falkus,486 Bunting Circle,"Skinfix, Inc."
479,Elfrieda Jopke,72 Superior Way,"PD-Rx Pharmaceuticals, Inc."
480,Carlin Jeskins,76 Donald Trail,Niconovum USA Inc.
481,Rosabella Shiell,296 Dapin Junction,Capweld Inc
482,Grantham Dittson,442 Buell Place,Rite Aid Corporation
483,Menard Message,2 Thompson Place,Baxter Healthcare Corporation
484,Ronald Furphy,576 Colorado Way,Rugby Laboratories Inc.
485,Avivah Drewson,34 Northport Circle,STAT Rx USA LLC
486,Joceline Geertsen,68839 Waywood Junction,"Salado Sales, Inc."
487,Broderic Wigfield,6 Lighthouse Bay Street,"Hospira, Inc."
488,Giuseppe Haitlie,4 Hooker Road,Jubilant HollisterStier LLC
489,Elmore Harler,34533 Thompson Court,Jubilant HollisterStier LLC
490,Elysia Russe,3102 Lotheville Place,REMEDYREPACK INC.
491,Bronnie Rizzello,145 Portage Center,Jubilant HollisterStier LLC
492,Nicolas Dowry,06293 Eastlawn Trail,Blossom Pharmaceuticals
493,Nanon Delyth,620 Sheridan Junction,RITE AID CORPORATION
494,Melisandra Kesterton,4633 Waywood Terrace,Mylan Phamaceuticals Inc.
495,Iver Schapiro,46 Morning Trail,"GRIFOLS USA, LLC"
496,Norri Epton,94326 Hoard Center,ECR Pharmaceuticals
497,Cristabel Hollyer,38 Ruskin Street,Jubilant HollisterStier LLC
498,Brana Stoaks,36069 Hermina Pass,Apotheca Company
499,See Kasman,494 Fremont Terrace,"WOONSOCKET PRESCRIPTION CENTER,INCORPORATED"
500,Indira Crass,086 Hermina Plaza,Contract Pharmacy Services-PA
501,Angelle Wrettum,81884 Eliot Trail,REMEDYREPACK INC.
502,Alfie Reeken,77 Nancy Parkway,Mylan Pharmaceuticals Inc.
503,Dinny Pleager,7284 Carioca Avenue,"Dispensing Solutions, Inc."
504,Elnar Basillon,819 Drewry Court,"NCS HealthCare of KY, Inc dba Vangard Labs"
505,Olimpia Mance,56968 Rigney Street,"ALK-Abello, Inc."
506,Tammie Pounds,36 Michigan Terrace,Amerisource Bergen
507,Claude Scarrott,5291 Mallory Terrace,"IVAX Pharmaceuticals, Inc."
508,Dolores Nel,66 Marquette Junction,American Health Packaging
509,Marshal Gorgen,77295 Browning Pass,UNITED EXCHANGE CORP.
510,Travus Eyres,094 La Follette Center,"SHISEIDO CO., LTD."
511,Lib Brayne,6 Stone Corner Terrace,Kay's Designs International Limited
512,Donnamarie Pollock,9307 Southridge Parkway,"Hospira, Inc."
513,Dahlia Cordero,26 Mifflin Drive,"NCS HealthCare of KY, Inc dba Vangard Labs"
514,Ralph Geal,5289 Cherokee Hill,McKesson
515,Robinet Amor,92 Burrows Center,Syntrion GmbH
516,Kellie Gerhartz,8 Anniversary Terrace,King Bio Inc.
517,Roda Boldry,2678 Fremont Terrace,"ALK-Abello, Inc."
518,Norbert Kiehnlt,67037 Pepper Wood Center,"Epic Pharma, LLC"
519,Heloise Ianne,67 Loeprich Street,The Kroger Co.
520,Lula Lambrick,228 6th Hill,B4 Ventures LLC
521,Ferris Rolance,2 Buhler Circle,"Osceola Supply, Inc."
522,Essa Olsson,9781 Lotheville Lane,"The Hain Celestial Group, Inc."
523,Bealle Davidow,9 Meadow Vale Way,"Merle Norman Cosmetics, Inc"
524,Sancho Storrie,1934 Evergreen Hill,Amgen Inc
525,Ric MacCheyne,561 Armistice Plaza,"Nelco Laboratories, Inc."
526,Kitti Bonnar,49520 Sachtjen Parkway,"Integrative Healing Institute, LLC"
527,Florri Dingate,46 Northland Alley,AstraZeneca Pharmaceuticals LP
528,Dougie Kellaway,268 Forest Run Road,GeneraMedix
529,Kendell Probey,9858 Tennyson Plaza,Sandoz Inc
530,Rudy Eglington,26907 Quincy Crossing,Rugby Laboratories Inc.
531,Charity Imeson,54 Ruskin Junction,MOBERG PHARMA NORTH AMERICA LLC
532,Powell Pierpoint,167 Hoepker Road,CVS Pharmacy
533,Thaddus Insko,69 American Ash Place,American Sales Company
534,Ty Donnersberg,6 Chinook Avenue,"Natures Sunshine Products, Inc."
535,James Whiston,9460 Blaine Road,Apotheca Company
536,Elbertine Lavies,8 Memorial Road,West-Ward Pharmaceutical Corp.
537,Lindy Tuffell,57 Sage Lane,"Par Pharmaceutical, Inc."
538,Ravi Whartonby,2299 Veith Court,Unifirst First Aid Corporation
539,Ignatius Poter,32 Paget Crossing,Amerisource Bergen
540,Caro Jakov,98 4th Pass,Uriel Pharmacy Inc.
541,Tabbi Schreurs,663 Cherokee Junction,Golden State Medical Supply
542,Charlotta St. Louis,0 Cambridge Road,"NSE Products, Inc."
543,Ashlin Dominik,43546 Monterey Court,J. A. Cosmetics U.S. INC
544,Laure Jakubowicz,38381 Mosinee Circle,Contract Pharmacy Services-PA
545,Barbe Swoffer,03 Mendota Pass,"Ningbo Meiduo General Products Co., Ltd"
546,Harper Pennings,2 Vermont Park,American Sales Company
547,Hercule Pettitt,04141 Ohio Junction,Qualitest Pharmaceuticals
548,Aile McSperrin,0800 Chive Lane,Teva Pharmaceuticals USA Inc
549,Evelyn Panketh,1159 2nd Crossing,"Safetec of America, Inc."
550,Dita Ciobotaro,4 Nelson Pass,Actavis Elizabeth LLC
551,Demetria Jope,07745 Drewry Trail,REMEDYREPACK INC.
552,Fonz Brumwell,4 Michigan Circle,"Unichem Pharmaceuticals (USA), Inc."
553,Coleman Ebbens,93 Bunting Alley,CVS Pharmacy
554,Corey Nettle,735 Lindbergh Avenue,"Physicians Total Care, Inc."
555,Arturo Wein,9 Fairview Circle,"Donovan Industries, Inc"
556,Amargo Isselee,2 Vahlen Parkway,Mylan Pharmaceuticals Inc.
557,Nell Sorrel,5322 Quincy Center,Bausch & Lomb Incorporated
558,Courtney Jorioz,8894 International Circle,State of Florida DOH Central Pharmacy
559,Kathryne Tedahl,08 Sycamore Parkway,Cardinal Health
560,Gertie Cuvley,28 Vernon Way,The Body Shop Wake Forest
561,Jonas Wroth,37 Packers Hill,Rejoice International
562,Salomon Adderson,417 Columbus Drive,"Avon Products, Inc."
563,Wenda Keigher,3 Tomscot Drive,Sanofi Pasteur Inc.
564,Gwendolyn Gange,32 Service Trail,Greenbrier International
565,Louis Nilles,011 Maple Wood Street,Aurobindo Pharma Limited
566,Ahmad Alliband,6285 Namekagon Hill,Rugby Laboratories
567,Darren Bestwerthick,87919 Morningstar Park,"Nelco Laboratories, Inc."
568,Fidole Rottery,491 Nova Street,L Perrigo Company
569,Dannie La Rosa,6648 Summerview Lane,McKesson
570,Chiarra Lumly,38856 Southridge Court,HOMEOLAB USA INC
571,Kaine O'Doireidh,0085 Jenifer Terrace,Western Family Foods Inc
572,Smith Capini,90459 Moland Court,"APP Pharmaceuticals, LLC"
573,Deane McShirie,225 Paget Parkway,Perrigo New York Inc
574,Drake Picton,11612 Brentwood Crossing,HOMEOLAB USA INC.
575,Gabby Nickolls,1 Arizona Point,"ALK-Abello, Inc."
576,Virge Pallaske,8 Grasskamp Avenue,MEGASOL COSMETIC GMBH
577,Vanya Heustice,601 Forest Run Trail,Amgen Inc
578,Ardelle Obell,34 Service Alley,Uriel Pharmacy Inc.
579,Pavlov Craigg,50 Cambridge Pass,REMEDYREPACK INC.
580,Marne Benza,0375 Maryland Plaza,"ALK-Abello, Inc."
581,Gerta Gorrie,3 Valley Edge Lane,"Patriot Pharmaceuticals, LLC"
582,Lulu Worthington,0610 Graedel Circle,Cardinal Health
583,Hadleigh McColm,7225 Brown Place,STAT Rx USA LLC
584,Klarika Janks,293 Basil Pass,"Saimdang Cosmetics Co., Ltd"
585,Sawyer Conaboy,1898 Kensington Way,PharmaDerm a division of Fougera Pharmaceuticals Inc.
586,Gretna Slayton,5352 Goodland Park,"Deseret Biologicals, Inc."
587,Laney Bernette,8615 Moulton Park,Mckesson
588,Der Gilby,4 Dayton Parkway,"Dispensing Solutions, Inc."
589,Thorndike Paulucci,44 Blue Bill Park Parkway,Cardinal Health
590,Susie Crellim,685 Oakridge Trail,"Allergy Laboratories, Inc."
591,Dallas Cunnell,5111 Kedzie Crossing,Procter & Gamble Manufacturing Company
592,Sonnie Bolsteridge,1414 Holmberg Pass,"Pacific Pharma, Inc."
593,Sunny Hartas,37 Kipling Pass,Aidarex Pharmaceuticals LLC
594,Garry Guilleton,94 Kropf Court,"Pharmaceutical Associates, Inc."
595,Jerrome Fray,85 Tennessee Street,Rite Aid
596,Norris Keemer,7 Montana Alley,"Teva Women's Health, Inc."
597,Cornelle Cyseley,01 Judy Park,Ventura International LTD.
598,Evangelia Klezmski,01418 Mosinee Place,LUMENE OY
599,John Hintze,9604 Lindbergh Way,Sandoz Inc
600,Rainer Oldford,03903 Crest Line Point,"Allegis Pharmaceuticals, LLC"
601,Pepita Simenot,774 Melby Place,Mylan Pharmaceuticals Inc.
602,Aldous Tanti,494 Glendale Trail,"ALK-Abello, Inc."
603,Lars Kirkup,773 Birchwood Circle,Family Dollar
604,Raddy Gladtbach,01 Talisman Parkway,REMEDYREPACK INC.
605,Jarrod Dumini,79 Tony Terrace,"Lannett Company, Inc."
606,Karyn Dunkerton,84 Summerview Terrace,Ventura International LTD
607,Haroun Dannel,8250 Hauk Road,NATIONWIDE PROMOTIONS LLC
608,Prudy Attiwill,627 Mandrake Center,"Aphena Pharma Solutions - Tennessee, LLC"
609,Pasquale Blowne,25 Merrick Center,Lake Erie Medical & Surgical Supply DBA Quality Care Products LLC
610,Nerte Otteridge,9 Holy Cross Alley,Bryant Ranch Prepack
611,Joey Seavers,78970 Portage Lane,Target Corporation
612,Kristoffer Nail,87 Mcguire Circle,Lundbeck Inc.
613,Dael Tarbet,3 Johnson Crossing,Access Business Group
614,Miner Winkell,3 Mitchell Plaza,Rebel Distributors Corp
615,Cesaro Clemencet,61 Pawling Pass,Granules India Limited
616,Idaline Nisbith,4 Riverside Circle,"Native Remedies, LLC"
617,Katha Dell,1671 Ruskin Parkway,"Pharmaceutical Associates, Inc."
618,Rosette Meynell,691 Jenifer Terrace,"Cypress Pharmaceutical, Inc."
619,Sheridan O'Hagirtie,19 Anhalt Place,"Jiangsu Province JianErKang Medical Dressing Co. ,Ltd."
620,Barton Staning,6 American Hill,Energetix Corp
621,Taber Spillett,5238 Melby Avenue,"Nelco Laboratories, Inc."
622,Basia Mosen,314 Bartelt Pass,"Nelco Laboratories, Inc."
623,Eileen Addenbrooke,1845 Walton Drive,Keltman Pharmaceuticals Inc.
624,Barr Eberlein,486 Lillian Drive,Caldwell Consumer Health LLC
625,Bartholemy Antognetti,9 Oneill Lane,"Lupin Pharmaceuticals, Inc."
626,Manolo Ancliffe,77 Cody Center,Wallace Pharmaceuticals Inc.
627,Adriena Rockcliff,11242 Longview Street,Cardinal Health
628,Neda Filippazzo,76 Lake View Plaza,"Caraco Pharmaceutical Laboratories, Ltd."
629,Emili Widdup,4946 Bluejay Hill,WOCKHARDT LIMITED
630,Bryan Noulton,3 Hermina Place,"Boehringer Ingelheim Pharmaceuticals, Inc."
631,Kimmie Dumberell,01 Sloan Plaza,West-ward Pharmaceutical Corp
632,Jeralee Petzolt,18553 Bay Crossing,AGABANG & COMPANY
633,Bernetta Suett,6 South Alley,"Cosmetic Specialty Labs, Inc."
634,Salmon Galliford,43 Dapin Parkway,JGL North America LLC
635,Simmonds Davana,9079 Arapahoe Plaza,Rugby Laboratories
636,Sallie Burles,65 Kennedy Alley,"Hi-Tech Pharmacal Co., Inc."
637,Gothart Lecordier,284 Fremont Way,REMEDYREPACK INC.
638,Clari Smallpiece,6 Namekagon Circle,Corden Pharma Latina S.p.A.
639,Wallache Ching,3566 Lakewood Gardens Street,"Antonio Puig, S.A."
640,Windham Basilotta,44 Arrowood Pass,Mylan Pharmaceuticals Inc.
641,Cesya Elwel,3305 Twin Pines Plaza,Delta Brands Inc
642,Sascha Whanstall,84 Tomscot Drive,"Lorac Cosmetics, Inc."
643,Timmy Patry,2 Pankratz Lane,American Health Packaging
644,Matthew Baddeley,139 Delaware Crossing,Laboratoires Clarins S.A
645,Darline Cartin,225 Basil Center,Homeocare Laboratories
646,Luisa Falconer-Taylor,7 Merry Circle,Bryant Ranch Prepack
647,Saidee Pleavin,44 Johnson Drive,"BioActive Nutritional, Inc."
648,Nara Tomsett,5969 Schurz Drive,REMEDYREPACK INC.
649,Bradan Bilovus,22737 Trailsway Plaza,AbbVie Inc.
650,Cherey Jankiewicz,8634 Columbus Crossing,Unifirst First Aid Corporation
651,Lilli Lindeman,28 Forster Trail,"Bio-Pharm, Inc."
652,Madelaine Assad,85 Vahlen Terrace,Tri-Coastal Design Company Inc.
653,Kathleen Surby,6 Southridge Parkway,Sandoz Inc
654,Mirabelle Titterington,90 Mallard Avenue,"NCS HealthCare of KY, Inc dba Vangard Labs"
655,Ettie Goodluck,6245 Tomscot Parkway,St Marys Medical Park Pharmacy
656,Corey Gowland,594 Canary Pass,LUPIN LIMITED
657,Miriam Sandison,4 Bultman Parkway,"Glenmark Generics Inc.,USA"
658,Hubey Greiser,8 Melvin Avenue,"Deseret Biologicals, Inc."
659,Sebastien McCall,7483 Monterey Road,THE KROGER CO
660,Mordy Cornilli,0652 Ronald Regan Parkway,Lake Erie Medical DBA Quality Care Products LLC
661,Stanislaus Alldis,0 Ridgeway Road,Purdue GMP Center LLC
662,Janek Borzoni,7031 Forster Hill,"Valu Merchandisers, Co."
663,Kassey Nitti,929 Dovetail Point,"Hospira, Inc."
664,Rancell Pilmer,88 Havey Trail,"S. C. Johnson & Son, Inc."
665,Manny Jeskin,176 Del Mar Trail,"Allergan, Inc."
666,Pieter Mosedale,094 Leroy Way,AMOREPACIFIC
667,Sharona Tesoe,82 Continental Hill,"SJ Creations, Inc."
668,Harriet Charlesworth,2 Fordem Avenue,"APP Pharmaceuticals, LLC"
669,Irita Sutty,44 8th Avenue,Pliva Inc.
670,Chuck Ferroni,25 Bunting Plaza,Colgate-Palmolive Company
671,Orrin Juster,17 Bunker Hill Court,"NCS HealthCare of KY, Inc dba Vangard Labs"
672,Dorolice Swinn,149 New Castle Plaza,AstraZeneca LP
673,Deloria Iacovides,5 Parkside Alley,"Preferred Pharmaceuticals, Inc"
674,Darsey Garrit,20 Shelley Alley,"Preferred Pharmaceuticals, Inc"
675,Chicky Wattinham,2979 Ryan Drive,Cardinal Health
676,Sheelagh Juanico,67865 Transport Lane,Apotheca Company
677,Joane Bauduccio,5 Glacier Hill Circle,"Genentech, Inc."
678,Giralda Dochon,1857 Eliot Alley,"Upsher-Smith Laboratories, Inc."
679,Justus Ainger,6280 Buena Vista Trail,Novartis Pharmaceutical Corporation
680,Jeralee Gudeman,79 Reinke Crossing,"BioComp Pharma, Inc."
681,Gerald Petegrew,1545 Maryland Street,Conopco Inc. d/b/a Unilever
682,Reynolds Mecco,9159 Almo Lane,Apotheca Company
683,Catrina Thornborrow,84 Nevada Trail,Ranbaxy Pharmaceuticals Inc.
684,Johanna Tew,22624 Jana Parkway,Cardinal Health
685,Leila Worster,53732 Surrey Crossing,"Watson Laboratories, Inc."
686,Becki Crowcroft,22230 Debs Pass,McKesson
687,Geraldine Prickett,622 Meadow Ridge Street,"Nova Homeopathic Therapeutics, Inc."
688,Umberto Goschalk,81 Di Loreto Drive,Similasan Corporation
689,Cahra Borghese,9860 American Point,Apotheca Company
690,Hanan Leafe,0 Luster Place,"Aidance Skincare & Topical Solutions, LLC"
691,Chlo Ladon,3638 Marquette Park,Conopco Inc. d/b/a Unilever
692,Clayton Wedlake,35 Atwood Place,Ventura Corporation LTD
693,Scarface Whaites,5960 Upham Hill,L'Oreal USA Products Inc
694,Sybyl Elnaugh,6892 Schurz Place,"Mycone Dental Supply Co., Inc DBA Keystone Industries and Deepak Products Inc"
695,De Lyenyng,14486 Lindbergh Lane,JAFRA COSMETICS INTERNATIONAL
696,Leandra Clearley,713 Eastlawn Place,Apotheca Company
697,Morley Dungey,21 Starling Road,Neutrogena Corporation
698,Ewan Mattecot,1217 Maryland Lane,Sandoz Inc
699,Ethe Roll,8 Sullivan Crossing,REMEDY MAKERS
700,Ado Addington,073 Old Shore Avenue,pH R&D LLC
701,Cheston Cullimore,59 Granby Place,SHISEIDO AMERICAS CORPORATION
702,Levon Anthoney,4 Merchant Court,Natural Health Supply
703,Quint Milborn,76126 Luster Way,"Changzhou Jianze Sanitary Material Co., Ltd."
704,Edi Natalie,4974 Namekagon Hill,"KVK-Tech, Inc."
705,Vivie Dabner,80 Kim Drive,"Actavis Pharma, Inc."
706,Spike Butter,11451 Fordem Court,State of Florida DOH Central Pharmacy
707,Cesya Guidera,71438 Springs Terrace,"PD-Rx Pharmaceuticals, Inc."
708,Even Gisburne,10915 Redwing Lane,"Aidance Skincare & Topical Solutions, LLC"
709,Pier Rakestraw,5786 Riverside Avenue,Rebel Distributors Corp
710,Kial Mingay,2222 Hansons Alley,"BB17, LLC"
711,Sidoney Pallent,149 Monterey Center,"MedVantx, Inc."
712,Frederick Sigsworth,13 Knutson Junction,Contract Pharmacy Services-PA
713,Millie Saltwell,683 Ramsey Trail,Par Pharmaceutical Inc.
714,Phillipp Fratczak,5 Amoth Hill,Gen-Source Rx
715,Marrissa Oleszkiewicz,389 La Follette Center,"Fresenius Kabi USA, LLC"
716,Hermione Storch,97485 Buhler Circle,Bonne Bell LLC
717,Rosalinde West-Frimley,01 Derek Place,"Benefit Cosmetics, LLC"
718,Sam Dudson,6110 Swallow Pass,Enemeez Inc. DBA Summit Pharmaceuticals
719,Pia Gissing,5 Cascade Way,McKesson
720,Rorke Roggero,174 Emmet Way,Access Business Group LLC
721,Somerset Kensit,94802 Arkansas Trail,REMEDYREPACK INC.
722,Athene Capitano,3 Raven Center,NASH-FINCH COMPANY
723,Lorinda Jowett,42 Briar Crest Drive,Aidarex Pharmaceuticals LLC
724,Weylin Whitebrook,7 Forest Place,bryant ranch prepack
725,Carolann Kane,5425 Shoshone Circle,"Lifewave, Inc."
726,Jack Couronne,5 Starling Trail,Oceanside Pharmaceuticals
727,Roselin Morales,7738 Larry Avenue,"SHISEIDO CO., LTD."
728,Neddie Kline,38 Carpenter Center,"Skinfix, Inc."
729,Roanne Stitcher,0265 Raven Circle,"Lupin Pharmaceuticals, Inc."
730,Ketti Deards,59582 Dunning Lane,Legacy Pharmaceutical Packaging
731,Mab Goering,1009 Jana Plaza,"Gemini Laboratories, LLC"
732,Ellswerth Heddy,32 Sutherland Way,"Deseret Biologicals, Inc."
733,Ashley Hannant,32679 Dryden Alley,Cardinal Health
734,Dre Smithe,10139 Debs Alley,Premier Value
735,Carolann De Maine,001 Mayer Way,Supervalu Inc.
736,Isabelle Hutcheon,93246 Meadow Ridge Alley,"Marathon Pharmaceuticals, LLC"
737,Celle Hannam,947 Bartelt Pass,"Newton Laboratories, Inc."
738,Ailsun Gillman,7 Hermina Avenue,"SAVE-A-LOT FOOD STORES, LTD."
739,Laney Malia,95 Montana Plaza,Zydus Pharmaceuticals (USA) Inc.
740,Bealle Bodimeade,57380 Loomis Center,KAISER FOUNDATION HOSPITALS
741,Cortie Baughen,627 Armistice Court,Remedy Makers
742,Engelbert Spataro,3 Fairfield Street,"Paddock Laboratories, LLC"
743,Jennee Gon,24190 Sauthoff Pass,Safeway Inc
744,Even Theze,5 Hauk Road,Rebel Distributors Corp
745,Town Rubinfeld,7 Ridgeview Junction,Mylan Institutional LLC
746,Lynn Raycroft,8 Vernon Way,Teva Pharmaceuticals USA Inc
747,Deborah Muck,08 Lindbergh Road,"ALK-Abello, Inc."
748,Gerick Zisneros,688 La Follette Park,"Antigen Laboratories, Inc."
749,Ali Pauletto,510 Fairfield Way,B. Braun Medical Inc.
750,Si Tasker,9388 Drewry Pass,HOMEOLAB USA INC.
751,Pail O'Hannay,34 Daystar Crossing,Aurobindo Pharma Limited
752,Mendy Gosenell,91580 Sundown Place,KAISER FOUNDATION HOSPITALS
753,Hillery Kobierzycki,09 Melrose Lane,Schmid and Son Packaging
754,Gasparo MacBain,01 Vernon Center,"DAVA Pharmaceuticals, Inc."
755,Rik Dauber,46 John Wall Hill,"ALK-Abello, Inc."
756,Doreen Denes,330 Michigan Way,"Golden State Medical Supply, Inc."
757,Joseph Thwaites,887 Melby Street,Oral-B Laboratories
758,Germain Gounel,69836 Packers Trail,REMEDYREPACK INC.
759,Tabb Tooke,6 Butternut Parkway,Family Dollar
760,Sheffie Wayland,8670 Daystar Drive,West-ward Pharmaceutical Corp.
761,Sigismond Tidmarsh,1470 Tomscot Street,"Linde Gas Puerto Rico, Inc"
762,Laurence Luffman,1 Larry Park,"Antigen Laboratories, Inc."
763,Karalynn Pembridge,80845 Dapin Place,State of Florida DOH Central Pharmacy
764,Claretta Walley,31890 Eastwood Road,Genuine First Aid LLC
765,Sarajane Bousquet,209 Mockingbird Parkway,Exelan Pharmaceuticals Inc.
766,Caroljean McKennan,4 Atwood Center,REMEDYREPACK INC.
767,Kathrine Teare,84351 Stuart Plaza,Cardinal Health
768,Coletta Mushart,27434 Mesta Drive,"Morton Grove Pharmaceuticals, Inc."
769,Bastian Roswarn,093 Porter Pass,Richmond Division of Wyeth
770,Ephrem MacGiany,6 Superior Avenue,"Asclemed USA, Inc."
771,Rurik Curphey,37 Oakridge Street,Major Pharmaceuticals
772,Guendolen Brandi,678 Mariners Cove Crossing,"Medline Industries, Inc."
773,Anica Reubens,47 Bluejay Lane,"MSD Consumer Care, Inc."
774,Gisela Minihane,18 Namekagon Circle,"PD-Rx Pharmaceuticals, Inc."
775,Henriette Allday,00 Stone Corner Drive,Jubilant HollisterStier LLC
776,Gabie MacKall,579 Brown Drive,REMEDYREPACK INC.
777,Kameko Churcher,94696 Dahle Pass,A-S Medication Solutions LLC
778,Agnesse MacGarvey,143 Delladonna Park,"Novartis Consumer Health, Inc."
779,Dan Kneel,8 Maple Wood Circle,Cumberland Medical Center- Medical Equipment Services
780,Saundra Stranger,310 Londonderry Plaza,A-S Medication Solutions LLC
781,Garreth Smorthit,2 Killdeer Drive,"Medline Industries, Inc."
782,Georgeta Knappen,766 Clarendon Point,"Antigen Laboratories, Inc."
783,Wilfrid Massey,7 Hansons Place,Dr. Reddy's Laboratories Limited
784,Georgine Yakov,45913 Blaine Court,Uriel Pharmacy Inc.
785,Nerti Hurch,63533 Jay Pass,"Physicians Total Care, Inc."
786,Kimberli McKeaveney,2 Warrior Center,"Roxane Laboratories, Inc"
787,Alia Beadham,04 Jay Road,Q.A. Laboratories
788,Kippy Van Brug,6066 8th Way,"Eon Labs, Inc."
789,Farrell Zanini,61 Westport Plaza,"Teva Parenteral Medicines, Inc."
790,Miltie Silversmid,08 Esch Terrace,Rebel Distributors Corp
791,Gian Taplow,49903 Harbort Plaza,"Nelco Laboratories, Inc."
792,Rourke Skures,85789 Shopko Street,MAX HUBER RESEARCH LAB INC
793,Alicia Thornhill,8 Manley Terrace,Teva Pharmaceuticals USA Inc
794,Quinta Wallege,237 Hollow Ridge Drive,"Global Pharmaceuticals, Division of Impax Laboratories Inc."
795,Essa Vedenisov,418 Nobel Terrace,Access Business Group LLC
796,Lianne Heard,946 Northland Junction,Bryant Ranch Prepack
797,Stacy Cockren,349 Scofield Point,Bryant Ranch Prepack
798,Agosto Garrique,9804 Monument Road,Supervalu Inc
799,Selinda Hallgarth,852 Kinsman Center,Walgreen Company
800,Christen Osipov,11717 Corscot Junction,"Wyeth Pharmaceuticals Inc., a subsidiary of Pfizer Inc."
801,Augusta McGahy,975 Thackeray Park,"Ventura International, Limited"
802,Riordan Paradine,2 Lyons Street,Wockhardt USA LLC.
803,Mildrid Towll,26174 Cottonwood Hill,Cardinal Health
804,Adi Queyeiro,71054 La Follette Crossing,Apotheca Company
805,Teri Crump,03210 Novick Court,"GREENBRIER INTERNATIONAL, INC."
806,Clyve Worvell,41496 Mcguire Pass,"Jets, Sets, & Elephants Beauty Corp."
807,Fredelia Elks,75 Muir Trail,TYA Pharmaceuticals
808,Linc Craddock,04042 Annamark Street,"MedChem Manufacturing, Inc"
809,Debbi Truscott,109 Badeau Point,"NATURE REPUBLIC CO., LTD."
810,Mike Gubbin,6 Forest Run Drive,"Antigen Laboratories, Inc."
811,Meriel Lowthian,9 Harbort Avenue,Cardinal Health
812,Elana Wagen,3729 Ludington Street,"Merle Norman Cosmetics, Inc"
813,Bamby Bangham,6 2nd Park,"Publix Supermarkets, Inc."
814,Aymer Bloxsom,84 West Lane,American Health Packaging
815,Judy Sawdon,09293 Commercial Terrace,sanofi-aventis U.S. LLC
816,Sander Wildsmith,9 Homewood Street,"MSD Consumer Care, Inc."
817,Elwyn Renowden,00806 Linden Way,"Napoleon Perdis Cosmetics, Inc"
818,Danie Becke,6 Pepper Wood Circle,Barr Laboratories Inc.
819,Bancroft Fitzackerley,2 Lyons Circle,ALMATICA PHARMA INC.
820,Odilia Karus,6896 Lindbergh Circle,"Hospira, Inc."
821,Cleveland Stockoe,302 Ronald Regan Terrace,REMEDYREPACK INC.
822,Lazaro MacFie,0389 Hallows Center,"Creations Garden Natural Products, Inc"
823,Alessandra Gear,698 Lyons Hill,"Physicians Total Care, Inc."
824,Florida Tucknott,3 Muir Avenue,"Prime Enterprises, Inc."
825,Orlan Shackle,251 Schmedeman Hill,"MedVantx, Inc."
826,Carrol Boak,9 West Way,Wal-Mart Stores Inc
827,Lacie Raund,17231 Garrison Plaza,"NATURE REPUBLIC CO., LTD."
828,Eugenie Kendall,92935 Dayton Avenue,"Amphastar Pharmaceuticals, Inc."
829,Lindy Mepham,9 Sutteridge Center,"Onpoint, Inc"
830,Brit Jedrachowicz,45 Farmco Hill,HomeopathyStore.com
831,Cherin Wrennall,9075 Esch Park,"Navarro Discount Pharmacies,LLC"
832,Inger Wysome,228 Cardinal Park,Apotex Corp.
833,Maude Ashley,053 Northwestern Circle,"Hi-Tech Pharmacal Co., Inc."
834,Yule Courtney,0041 Farmco Point,McKesson
835,Mariya Gainfort,60 Declaration Hill,UNIFIRST FIRST AID CORPORATION
836,Holt Filippov,37 School Park,Pfizer Laboratories Div Pfizer Inc.
837,Brita Izakson,73535 Caliangt Pass,Mylan Pharmaceuticals Inc.
838,Henri Melloi,168 7th Drive,"Obagi Medical Products, Inc., a division of Valeant Pharmaceutcals North America LLC."
839,Hershel Reynish,9 Mosinee Road,"Prime Packaging, Inc."
840,Galven Lagen,9400 Harbort Hill,"Physicians Total Care, Inc."
841,Charmian Farrimond,65568 Barby Pass,"Med-Health Pharma, LLC"
842,Berti Doggrell,95470 Kim Alley,"Wal-Mart Stores, Inc."
843,Bing Serrier,64554 Stang Terrace,"Greenbrier International, Inc."
844,Annabella Jannaway,85 Eagan Avenue,ALVOGEN INC.
845,Allis Odger,53833 8th Drive,"E.R. Squibb & Sons, L.L.C."
846,Zea Load,7392 6th Plaza,State of Florida DOH Central Pharmacy
847,Hedda Chapiro,0051 Brown Circle,L Perrigo Company
848,Marvin Cicculi,91620 Lunder Place,Valeant Pharmaceuticals North America LLC
849,Maryrose Fawcitt,0 Moulton Crossing,WAL-MART STORES INC
850,Kessiah Kores,5133 Kingsford Circle,Procter & Gamble Manufacturing Company
851,Heida Sexcey,7 Florence Point,"Hospira, Inc."
852,Aveline Domke,50 Dixon Terrace,GlaxoSmithKline Biologicals SA
853,Emilia Fessions,5 Oak Terrace,"Alcon Laboratories, Inc."
854,Hakeem Genn,7 Bunker Hill Trail,Atlantic Biologicals Corps
855,Floris Selland,617 Buell Point,"Seyer Pharmatec, Inc."
856,Erie Stirman,4 Merchant Alley,Mylan Pharmaceuticals Inc.
857,Shani Janauschek,3 Fieldstone Way,HEB
858,Gaultiero Lowthian,22318 Nova Trail,Central Solutions Inc
859,Judas Bompas,9 Dahle Park,"Nelco Laboratories, Inc."
860,Cari Dewerson,2597 Schlimgen Street,"Deb USA, Inc."
861,Celia Lobell,98 Knutson Crossing,Arbor Pharmaceuticals
862,Wilfred Darycott,2 Garrison Trail,AHAVA Dead Sea Laboratories Ltd
863,Sheilah Ketley,18 Thackeray Park,McKesson
864,Laird Dekeyser,6762 Mosinee Plaza,"NCS HealthCare of KY, Inc dba Vangard Labs"
865,Adorne Goodey,64059 Atwood Trail,PureTek Corporation
866,Addison Spitaro,404 Delladonna Circle,Carolina Medical Products Company
867,Vachel Watchorn,1 Gale Lane,"ALK-Abello, Inc."
868,Hewitt Rodrigo,0 Nova Trail,Direct Rx
869,Sammy Beefon,522 Forster Road,"ALK-Abello, Inc."
870,Valry Mold,9763 Talisman Place,"Janssen Products, LP"
871,Addison Tremellan,73 Hanover Place,The Mentholatum Company
872,Rafaelia Mulmuray,67662 Bashford Plaza,Jubilant HollisterStier LLC
873,Ignatius Sandom,11 Crownhardt Plaza,King Bio Inc.
874,Efren Arnaudin,03612 Cody Trail,Cardinal Health
875,Dougy Kissock,299 Morrow Avenue,Jubilant HollisterStier LLC
876,Cammy Bootman,0505 8th Hill,"Glenmark Generics Inc., USA"
877,Gale Johl,39078 Butterfield Pass,"Epic Pharma, LLC"
878,Hakeem Dennerly,3 Anderson Center,"Preferred Pharmaceuticals, Inc."
879,Kandace Allsworth,71 Eagle Crest Hill,American Sales Company
880,Jocelyne Morteo,6 Anniversary Parkway,"Deseret Biologicals, Inc."
881,Parry Creed,382 Arkansas Pass,Lake Erie Medical DBA Quality Care Products LLC
882,Felice Dacres,15554 Acker Junction,McNeil Consumer Pharmaceuticals Co.
883,Noel Minney,07831 Hoffman Road,Keystone Laboratories
884,Cami Cripps,50572 Pepper Wood Plaza,Neutrogena Corporation
885,Burt Swains,38 Beilfuss Junction,Teva Pharmaceuticals USA Inc
886,Kacy Swannick,92559 New Castle Point,HOMEOLAB USA INC
887,Sabine Dowears,70671 South Place,Biogen Idec Inc.
888,Sibby Moffat,35 1st Road,State of Florida DOH Central Pharmacy
889,Ophelie Cavozzi,76 Thierer Plaza,"OMP, INC."
890,Shirlee Kyles,40904 Schurz Way,Baxter Healthcare Corporation
891,Norry Cuncliffe,8002 Delladonna Way,SHISEIDO AMERICA INC.
892,Mozelle Queen,2781 Grayhawk Way,"Valu Merchandisers Company, Inc."
893,Julius Minthorpe,98 David Alley,Tomco-Harwel Industries Inc
894,Ximenez Michel,71 Manufacturers Crossing,"Preferred Pharmaceuticals, Inc."
895,Tommie Perrelli,771 Pond Hill,American Health Packaging
896,Danyelle Orro,8 Dryden Parkway,Clinical Solutions Wholsesale
897,Loralee Sephton,88 David Junction,"Merle Norman Cosmetics, Inc."
898,Lew Shevlane,58389 Grover Center,Cardinal Health
899,Dill Tatterton,479 Laurel Plaza,Lake Erie Medical DBA Quality Care Products LLC
900,Robinson Jenking,21 Harper Park,"Nelco Laboratories, Inc."
901,Shawnee Surman-Wells,28 Warner Way,"Navarro Discount Pharmacies,LLC"
902,Leigh St Quenin,4 Kensington Hill,Baxter Healthcare Corporation
903,Wendy Whilder,021 Upham Lane,Rebel Distributors Corp
904,Kelsi Bauduin,1 Mendota Park,Energetix Corp
905,Klara Dengate,412 Transport Road,American Health Packaging
906,Irina Marklow,70 Elka Hill,"SJ Creations, Inc."
907,Dallon Getty,21 Jenifer Trail,CVS Pharmacy
908,Yurik Galgey,743 Lillian Circle,"La Prairie, Inc."
909,Keeley Trude,64317 Canary Junction,Jubilant HollisterStier LLC
910,Kath Cropp,988 Crescent Oaks Parkway,Unit Dose Services
911,Alyda Greser,1 Hovde Lane,Marlex Pharmaceuticals Inc
912,Rooney Pickford,2314 Magdeline Circle,Mylan Pharmaceuticals Inc.
913,Sarita Shillaber,36483 Eagan Parkway,Bryant Ranch Prepack
914,Frankie Heisman,8 Birchwood Road,"Watson Laboratories, Inc."
915,Derwin Shillaker,7 Briar Crest Circle,"International Labs, Inc."
916,Carey Tuhy,8285 Hooker Way,"Novartis Consumer Health, Inc."
917,Fairleigh Britton,80714 Burning Wood Lane,Pack Pharmaceuticals LLC
918,Nestor Hansom,14190 Marcy Parkway,"Deseret Biologicals, Inc."
919,Benson Huson,5 Mariners Cove Street,"WFM Private Label, LP"
920,Grantham Mathias,4 Lawn Center,Apotex Corp.
921,Spence Scutching,694 Eastlawn Pass,BluePoint Laboratories
922,Farlee Anderl,707 Lyons Plaza,"Dong Sung Pharm. Co., Ltd."
923,Jarred Attwool,81 Ryan Point,McKesson
924,Kevon Bungey,593 Dorton Avenue,McKesson Packaging Services a business unit of McKesson Corporation
925,Filmore Jordon,6 Menomonie Plaza,Qualitest Pharmaceuticals
926,Cheston Mewes,9387 Dryden Trail,"Blacksmith Brands, Inc."
927,Danyette Grigsby,3001 Bayside Plaza,Apotex Corp
928,Iver Bottom,691 Delaware Circle,Qualitest Pharmaceuticals
929,Nolie Beadnell,0 Valley Edge Hill,CVS PHARMACY
930,Karlis Leatherbarrow,0528 Golf View Road,STAT RX USA LLC
931,Ash Pawlicki,962 Troy Court,Contract Pharmacy Services-PA
932,Ardis Waadenburg,94 Kensington Hill,Apollo Health and Beauty Care
933,Phillida McSperron,4 Namekagon Lane,"Western Family Foods, Inc."
934,Stewart Bartolommeo,507 Fairview Terrace,"IVAX Pharmaceuticals, Inc."
935,Gloriane FitzGeorge,83 Troy Junction,"McNeil Consumer Healthcare Div. McNeil-PPC, Inc"
936,Ailyn Simmers,110 Magdeline Circle,Procter & Gamble Manufacturing Co.
937,Glen Sugar,1416 Dayton Drive,Empack Spraytech Inc
938,Leandra Monroe,91062 Stephen Circle,"KVK-Tech, Inc."
939,Mandel Dinesen,0037 Waubesa Hill,Cardinal Health
940,Constantino Le Count,9112 Atwood Alley,ALILY (ZHANGZHOU) BATH PRODUCTS LTD.
941,Ashley Maliphant,13 Reinke Street,"PD-Rx Pharmaceuticals, Inc."
942,Antoni Leavey,042 Nevada Pass,"Preferred Pharmaceuticals, Inc."
943,Vikki Heigold,4 Scott Trail,"Bliss World, LLC"
944,Charlotte Gingles,94 Hovde Street,"Shine & Pretty (USA), Corp."
945,Brigida Baildon,88783 Lien Drive,"Accra-Pac, Inc."
946,Ellyn Petran,1110 Fuller Circle,"Ningbo Pulisi Daily Chemical Products Co.,Ltd."
947,Annabelle Climer,0 Pawling Drive,"Allergy Laboratories, Inc."
948,Berkie GiacobbiniJacob,41466 Clove Place,AuroMedics Pharma LLC
949,Willey Lowless,93074 Fuller Parkway,"SAVAGE LABORATORIES, A division of Nycomed US Inc."
950,Lonna Kettlesing,5981 Packers Crossing,"ALK-Abello, Inc."
951,Whitaker Kivits,6211 Lighthouse Bay Parkway,"Niche Brands, Inc."
952,Carrissa Mulliner,92 Pond Hill,"CoValence, Inc"
953,Brit Clerk,4497 Arizona Court,"Preferred Pharmaceuticals, Inc."
954,Halie Blaney,3228 Lake View Center,Precision Dose Inc.
955,Gunilla Oris,857 Fallview Park,REMEDYREPACK INC.
956,Isahella Curuclis,33 Fuller Parkway,Merck Sharp & Dohme Corp.
957,Edita Archley,7396 Buell Junction,Sage Products LLC
958,Valene Wiggam,07981 Meadow Ridge Junction,Topco Associates LLC
959,Waneta Domelaw,61 Hanover Lane,Sun Pharma Global Inc.
960,Jonathon Siddeley,0 Heffernan Parkway,QUALITY CHOICE (Chain Drug Marketing Association)
961,Clarey Novis,85 Hermina Pass,Jubilant HollisterStier LLC
962,Krista Kesper,1 Mccormick Street,A-S Medication Solutions LLC
963,Cointon Ticksall,15703 Mcguire Avenue,RAPTOR THERAPEUTICS INC.
964,Andi Castro,98 Springview Junction,"Hospira, Inc."
965,Heidie Klageman,381 Orin Point,"International Labs, Inc."
966,Aloysius Fosberry,3 Marcy Avenue,P & L Development of New York Corporation
967,Evie Elcoat,248 Nancy Court,"JUBILANT CADISTA PHARMACEUTICALS, INC."
968,Sonnie Lillegard,4 Garrison Street,"Toys""R""Us, Inc."
969,Tommy Vasichev,7887 Waubesa Park,sanofi-aventis U.S. LLC
970,Charmane McCorrie,29 Fulton Parkway,Rebel Distributors Corp
971,Lucila Copcote,743 Melby Court,"Caraco Pharmaceutical Laboratories, Ltd."
972,Janeva Dominichetti,8 Donald Plaza,Hikma Pharmaceutical
973,Melamie Pinxton,56418 Vidon Avenue,Cardinal Health
974,Ryon Tumayan,12 Grim Hill,Topco Associates LLC
975,Neysa Geldert,34 Eagle Crest Pass,Northwind Pharmaceuticals
976,Avigdor Coppin,1298 Mitchell Court,Aurobindo Pharma Limited
977,Silvanus Eldin,5385 Marcy Alley,King Bio Inc.
978,Gustaf Domnick,951 Del Mar Court,Sandoz Inc
979,Zitella Blesdill,4482 Columbus Pass,BCM Cosmetique SAS
980,Ruy Robeiro,1090 Grover Pass,Lake Erie Medical DBA Quality Care Products LLC
981,Panchito McFie,00142 Cottonwood Trail,REMEDYREPACK INC.
982,Byron Hryncewicz,090 Surrey Plaza,"PD-Rx Pharmaceuticals, Inc."
983,Lelah Baudain,027 Farragut Parkway,"Boehringer Ingelheim Pharmaceuticals, Inc."
984,Cordelie Vizard,58 Fuller Drive,Cardinal Health
985,Cookie Hoyte,121 Debra Avenue,Cardinal Health
986,Dina Braganca,5 Grover Hill,Rite Aid Corporation
987,Hally Haughin,6 Rusk Trail,Topco Associates LLC
988,Odell Treasure,3748 Sunnyside Court,Bausch & Lomb Incoporated
989,Ketti Beahan,17 Gateway Street,Wockhardt USA LLC.
990,Butch Ilsley,36709 Menomonie Place,Rebel Distributors Corp
991,Ker Mawtus,344 Kinsman Junction,Procter & Gamble Manufacturing Company
992,Falkner Muffitt,69 Oxford Crossing,Harmon Stores Inc.
993,Jolyn Geraldez,3808 Sloan Point,Greenstone LLC
994,Eldin Lempel,1 Schmedeman Alley,L Perrigo Company
995,Karly Jakubowicz,7830 Macpherson Place,"Aplicare, Inc."
996,Todd Santora,71997 Rockefeller Terrace,"Bolero Home Decor, Inc."
997,Vivia Loukes,1504 Paget Street,"Nelco Laboratories, Inc."
998,Brade Rosenblatt,39 Corry Parkway,Supervalu Inc
999,Gilberto Porteous,95 Mayfield Avenue,"Nelco Laboratories, Inc."
1000,Deck Rainey,29 Sunfield Avenue,SUPERVALU INC.
